blog.zztopping.com,23-08-2011,03:30:09,nok
i1.ytimg.com,23-08-2011,03:30:17,nok
i2.ytimg.com,23-08-2011,03:30:17,nok
i3.ytimg.com,23-08-2011,03:30:17,nok
i4.ytimg.com,23-08-2011,03:30:17,nok
s.ytimg.com,23-08-2011,03:30:25,nok
social.implu.com,23-08-2011,03:30:28,nok
www.3322.org,23-08-2011,03:32:58,nok
www.51e78.com,23-08-2011,03:33:06,nok
www.badoo.com,23-08-2011,03:34:35,nok
www.cinema3satu.blogspot.com,23-08-2011,03:37:06,nok
www.dh005.com,23-08-2011,03:38:13,nok
www.elmundodeportivo.es,23-08-2011,03:39:51,nok
www.gameva.net,23-08-2011,03:42:03,nok
www.gob.ve,23-08-2011,03:42:34,nok
www.gutteruncensorednewsb.blogspot.com,23-08-2011,03:42:58,nok
www.hao722.cn,23-08-2011,03:43:05,nok
www.mt-50.com,23-08-2011,03:52:04,nok
www.mylovewebs.cn,23-08-2011,03:52:13,nok
www.nocookie.net,23-08-2011,03:52:57,nok
www.ow.ly,23-08-2011,03:53:33,nok
www.qqnz.com,23-08-2011,03:55:50,nok
www.smf.is,23-08-2011,03:58:41,nok
www.vol777.com,23-08-2011,04:02:37,nok
www.ya.ru,23-08-2011,04:04:58,nok
www.yandex.ru,23-08-2011,04:05:04,nok
