belaws.irail.be,04-10-2013,00:01:07,ok
blog.irail.be,04-10-2013,00:01:08,ok
blog.tuinslak.org,04-10-2013,00:01:09,ok
blog.twitter.com,04-10-2013,00:01:11,ok
blog.zztopping.com,04-10-2013,00:01:11,ok
bmiwiki.cchmc.org,04-10-2013,00:01:18,ok
boards.4chan.org,04-10-2013,00:01:19,ok
boxun.shuoyi.com,04-10-2013,00:01:21,ok
calendar.google.com,04-10-2013,00:01:23,ok
chrome.google.com,04-10-2013,00:01:25,ok
code.google.com,04-10-2013,00:01:25,ok
contacts.google.com,04-10-2013,00:01:25,ok
de.wikipedia.org,04-10-2013,00:01:25,ok
english.aljazeera.net,04-10-2013,00:01:26,ok
en.rsf.org,04-10-2013,00:01:25,ok
en.wikipedia.org,04-10-2013,00:01:26,ok
fr.rsf.org,04-10-2013,00:01:26,ok
fr.wikipedia.org,04-10-2013,00:01:26,ok
irc.netsplit.de,04-10-2013,00:01:27,ok
latitude.google.com,04-10-2013,00:01:28,ok
listen.grooveshark.com,04-10-2013,00:01:29,ok
lists.debian.org,04-10-2013,00:01:29,ok
lists.rootspirit.com,04-10-2013,00:01:29,ok
liveboards.irail.be,04-10-2013,00:01:29,ok
mail.google.com,04-10-2013,00:01:29,ok
maps.google.com,04-10-2013,00:01:30,ok
maps.irail.be,04-10-2013,00:01:30,ok
market.android.com,04-10-2013,00:01:32,ok
nerdnotes.org,04-10-2013,00:01:32,ok
news.google.com,04-10-2013,00:01:33,ok
nl.wikipedia.org,04-10-2013,00:01:33,ok
one.rootspirit.com,04-10-2013,00:01:33,ok
online.wsj.com,04-10-2013,00:01:34,ok
picasaweb.google.com,04-10-2013,00:01:36,ok
plus.google.com,04-10-2013,00:01:36,ok
prowl.weks.net,04-10-2013,00:01:37,ok
safebrowsing-cache.google.com,04-10-2013,00:01:39,ok
search.twitter.com,04-10-2013,00:01:42,ok
s.flatturtle.com,04-10-2013,00:01:39,ok
sites.flatturtle.com,04-10-2013,00:02:15,ok
sites.google.com,04-10-2013,00:02:17,ok
source.android.com,04-10-2013,00:02:17,ok
static.0x04.com,04-10-2013,00:02:20,ok
store.apple.com,04-10-2013,00:02:20,ok
sunsite.ualberta.ca,04-10-2013,00:02:20,ok
tech.karbassi.com,04-10-2013,00:02:21,ok
tipstricks.itmatrix.eu,04-10-2013,00:02:21,ok
tw.yahoo.com,04-10-2013,00:02:23,ok
uk.reuters.com,04-10-2013,00:02:23,ok
vm1.rootspirit.com,04-10-2013,00:02:23,ok
webcache.googleusercontent.com,04-10-2013,00:02:26,ok
wiki.answers.com,04-10-2013,00:02:27,ok
wikileaks.0x04.com,04-10-2013,00:02:29,ok
www.007swz.com,04-10-2013,00:02:31,ok
www.0101.co.jp,04-10-2013,00:02:34,ok
www.0x04.com,04-10-2013,00:02:35,ok
www.0x20.be,04-10-2013,00:02:36,ok
www.1000.tv,04-10-2013,00:02:39,ok
www.104.com.tw,04-10-2013,00:02:42,ok
www.10musume.com,04-10-2013,00:02:42,ok
www.10neen.com,04-10-2013,00:02:44,ok
www.12306.cn,04-10-2013,00:02:45,ok
www.123rf.com,04-10-2013,00:02:47,ok
www.126.net,04-10-2013,00:02:53,ok
www.163.com,04-10-2013,00:02:56,ok
www.198game.net,04-10-2013,00:03:00,ok
www.1pondo.tv,04-10-2013,00:03:04,ok
www.2chan.net,04-10-2013,00:05:16,ok
www.2shared.com,04-10-2013,00:05:17,ok
www.3322.org,04-10-2013,00:05:19,ok
www.4chan.org,04-10-2013,00:05:20,ok
www.4gamer.net,04-10-2013,00:05:26,ok
www.4shared.com,04-10-2013,00:05:27,ok
www.519tl.com,04-10-2013,00:06:31,ok
www.51yes.com,04-10-2013,00:06:32,ok
www.5ilthy.com,04-10-2013,00:06:34,ok
www.6park.com,04-10-2013,00:06:34,ok
www.777rmb.com,04-10-2013,00:06:37,ok
www.7netshopping.jp,04-10-2013,00:06:40,ok
www.888.com,04-10-2013,00:06:40,ok
www.888promos.com,04-10-2013,00:06:40,ok
www.8teenxxx.com,04-10-2013,00:06:41,ok
www.95559.com.cn,04-10-2013,00:08:44,ok
www.9lwan.com,04-10-2013,00:08:46,ok
www.a963.com,04-10-2013,00:08:49,ok
www.abc.com.py,04-10-2013,00:08:51,ok
www.abchina.com,04-10-2013,00:08:52,ok
www.about.com,04-10-2013,00:08:53,ok
www.aboutus.org,04-10-2013,00:08:53,ok
www.accountonline.com,04-10-2013,00:08:57,ok
www.addictinggames.com,04-10-2013,00:08:58,ok
www.adium.im,04-10-2013,00:09:00,ok
www.admin.ch,04-10-2013,00:09:01,ok
www.adobe.com,04-10-2013,00:09:01,ok
www.adsense.blogspot.com,04-10-2013,00:09:01,ok
www.adtechus.com,04-10-2013,00:09:02,ok
www.adultfriendfinder.com,04-10-2013,00:09:04,ok
www.adultgeek.net,04-10-2013,00:09:07,ok
www.adwords.blogspot.com,04-10-2013,00:09:07,ok
www.aemet.es,04-10-2013,00:09:07,ok
www.affiliatefuture.co.uk,04-10-2013,00:09:08,ok
www.af.mil,04-10-2013,00:09:08,ok
www.alabout.com,04-10-2013,00:09:08,ok
www.alivetorrents.com,04-10-2013,00:09:09,ok
www.aljazeera.net,04-10-2013,00:09:09,ok
www.alpha.gr,04-10-2013,00:09:10,ok
www.amakings.com,04-10-2013,00:09:10,ok
www.amateurboobtube.com,04-10-2013,00:09:10,ok
www.amateursexy.net,04-10-2013,00:09:11,ok
www.amazonaws.com,04-10-2013,00:09:14,ok
www.amazon.com,04-10-2013,00:09:12,ok
www.amazon.co.uk,04-10-2013,00:09:12,ok
www.amazon.de,04-10-2013,00:09:13,ok
www.amazon.fr,04-10-2013,00:09:13,ok
www.ameblo.jp,04-10-2013,00:09:17,ok
www.americantowns.com,04-10-2013,00:09:18,ok
www.amiami.jp,04-10-2013,00:09:22,ok
www.amnesty.org,04-10-2013,00:09:23,ok
www.android.com,04-10-2013,00:09:23,ok
www.animecrazy.net,04-10-2013,00:09:23,ok
www.answers.com,04-10-2013,00:11:27,ok
www.ant.com,04-10-2013,00:11:27,ok
www.aolcdn.com,04-10-2013,00:11:28,ok
www.aol.com,04-10-2013,00:11:28,ok
www.aolnews.com,04-10-2013,00:11:29,ok
www.apetube.com,04-10-2013,00:11:30,ok
www.apinpai.com,04-10-2013,00:11:32,ok
www.appbrain.com,04-10-2013,00:11:32,ok
www.apple.com,04-10-2013,00:11:32,ok
www.appspot.com,04-10-2013,00:11:35,ok
www.archive.org,04-10-2013,00:11:37,ok
www.arena.ne.jp,04-10-2013,00:11:40,ok
www.army.mil,04-10-2013,00:11:42,ok
www.articleblast.com,04-10-2013,00:11:46,ok
www.asahi.com,04-10-2013,00:11:48,ok
www.ask.com,04-10-2013,00:11:48,ok
www.atpages.jp,04-10-2013,00:11:54,ok
www.atwiki.jp,04-10-2013,00:11:58,ok
www.avaaz.org,04-10-2013,00:11:59,ok
www.avg.com,04-10-2013,00:11:59,ok
www.avito.ru,04-10-2013,00:11:59,ok
www.axfc.net,04-10-2013,00:12:00,ok
www.aziani.com,04-10-2013,00:12:01,ok
www.babypink.to,04-10-2013,00:12:05,ok
www.badjojo.com,04-10-2013,00:12:05,ok
www.badongo.com,04-10-2013,00:12:06,ok
www.badoo.com,04-10-2013,00:12:07,ok
www.ba.gov.br,04-10-2013,00:12:03,ok
www.baidu.com,04-10-2013,00:12:09,ok
www.baidu.jp,04-10-2013,00:12:10,ok
www.bancochile.cl,04-10-2013,00:12:11,ok
www.bancoestado.cl,04-10-2013,00:12:12,ok
www.bancomercantil.com,04-10-2013,00:12:14,ok
www.bancomer.com.mx,04-10-2013,00:12:13,ok
www.banesco.com,04-10-2013,00:12:14,ok
www.bangbros1.com,04-10-2013,00:12:15,ok
www.bangbros.com,04-10-2013,00:12:14,ok
www.bankcomm.com,04-10-2013,00:12:15,ok
www.bankmandiri.co.id,04-10-2013,00:12:19,ok
www.bankpasargad.com,04-10-2013,00:12:21,ok
www.banquepopulaire.fr,04-10-2013,00:12:21,ok
www.bbc.co.uk,04-10-2013,00:12:22,ok
www.beanfun.com,04-10-2013,00:12:23,ok
www.bebo.com,04-10-2013,00:12:23,ok
www.belgiumpoker.net,04-10-2013,00:12:23,ok
www.beslist.nl,04-10-2013,00:12:23,ok
www.bet365.com,04-10-2013,00:12:24,ok
www.betfair.com,04-10-2013,00:12:24,ok
www.bigtits.com,04-10-2013,00:12:25,ok
www.bild.de,04-10-2013,00:12:25,ok
www.bing.com,04-10-2013,00:12:27,ok
www.bit.ly,04-10-2013,00:12:28,ok
www.bitsnoop.com,04-10-2013,00:12:29,ok
www.bittorrentfiles.org,04-10-2013,00:12:29,ok
www.blackhatworld.com,04-10-2013,00:12:30,ok
www.blinkogold.ru,04-10-2013,00:12:30,ok
www.blinkx.com,04-10-2013,00:12:31,ok
www.blip.tv,04-10-2013,00:12:32,ok
www.blogcatalog.com,04-10-2013,00:12:32,ok
www.blogcdn.com,04-10-2013,00:12:32,ok
www.blog.de,04-10-2013,00:12:32,ok
www.blogdelnarco.com,04-10-2013,00:12:33,ok
www.blogger.com,04-10-2013,00:12:34,ok
www.bloggerei.de,04-10-2013,00:12:35,ok
www.blogimg.jp,04-10-2013,00:12:36,ok
www.bloglines.com,04-10-2013,00:12:37,ok
www.bloglovin.com,04-10-2013,00:12:37,ok
www.blogspirit.com,04-10-2013,00:12:37,ok
www.blogspot.com,04-10-2013,00:12:39,ok
www.bloguez.com,04-10-2013,00:12:39,ok
www.bloomberg.com,04-10-2013,00:12:41,ok
www.bmi.ir,04-10-2013,00:12:43,ok
www.boardofinnovation.com,04-10-2013,00:12:44,ok
www.boardreader.com,04-10-2013,00:12:44,ok
www.boc.cn,04-10-2013,00:12:47,ok
www.bochk.com,04-10-2013,00:12:48,ok
www.bodog.com,04-10-2013,00:12:48,ok
www.bokecc.com,04-10-2013,00:12:50,ok
www.bom.gov.au,04-10-2013,00:12:55,ok
www.bookryanair.com,04-10-2013,00:12:55,ok
www.books.com.tw,04-10-2013,00:12:57,ok
www.borders.com,04-10-2013,00:12:59,ok
www.bplaced.net,04-10-2013,00:13:00,ok
www.bravenet.com,04-10-2013,00:13:01,ok
www.break.com,04-10-2013,00:13:02,ok
www.bukisa.com,04-10-2013,00:15:04,ok
www.bulbagarden.net,04-10-2013,00:15:04,ok
www.burnews.com,04-10-2013,00:15:05,ok
www.cacaoweb.org,04-10-2013,00:17:06,ok
www.cafepress.com,04-10-2013,00:17:08,ok
www.calciomercato.com,04-10-2013,00:17:09,ok
www.cam4.com,04-10-2013,00:17:10,ok
www.cam.ac.uk,04-10-2013,00:17:09,ok
www.camfrog.com,04-10-2013,00:17:10,ok
www.cams.com,04-10-2013,00:17:13,ok
www.canvas.be,04-10-2013,00:17:13,ok
www.capital.gr,04-10-2013,00:17:13,ok
www.caribbeancom.com,04-10-2013,00:17:15,ok
www.cari.com.my,04-10-2013,00:17:15,ok
www.carros.com.br,04-10-2013,00:17:37,ok
www.carsales.com.au,04-10-2013,00:17:38,ok
www.carwale.com,04-10-2013,00:17:40,ok
www.casadellibro.com,04-10-2013,00:17:40,ok
www.casinocity.com,04-10-2013,00:17:41,ok
www.casino.com,04-10-2013,00:17:40,ok
www.castorama.fr,04-10-2013,00:17:41,ok
www.ccb.com,04-10-2013,00:17:42,ok
www.ccb.com.cn,04-10-2013,00:17:44,ok
www.cebbank.com,04-10-2013,00:17:45,ok
www.cecile.co.jp,04-10-2013,00:17:47,ok
www.census.gov,04-10-2013,00:17:47,ok
www.centrum.cz,04-10-2013,00:17:47,ok
www.chilehardware.cl,04-10-2013,00:19:55,ok
www.chinamobile.com,04-10-2013,00:20:00,ok
www.chinapay.com,04-10-2013,00:20:03,ok
www.chinarank.org.cn,04-10-2013,00:20:06,ok
www.chinatimes.com,04-10-2013,00:20:08,ok
www.chizumaru.com,04-10-2013,00:20:10,ok
www.chrispederick.com,04-10-2013,00:20:11,ok
www.chromium.org,04-10-2013,00:20:11,ok
www.chunichi.co.jp,04-10-2013,00:20:16,ok
www.cib.com.cn,04-10-2013,00:20:21,ok
www.cisco.com,04-10-2013,00:20:22,ok
www.citrix.com,04-10-2013,00:20:22,ok
www.ck101.com,04-10-2013,00:20:24,ok
www.classmates.com,04-10-2013,00:20:25,ok
www.clientsfromhell.net,04-10-2013,00:20:26,ok
www.clipfish.de,04-10-2013,00:20:26,ok
www.cliphunter.com,04-10-2013,00:20:27,ok
www.cl.ly,04-10-2013,00:20:25,ok
www.cloudflare.com,04-10-2013,00:20:27,ok
www.clubedohardware.com.br,04-10-2013,00:20:28,ok
www.cmbc.com.cn,04-10-2013,00:20:31,ok
www.cmbchina.com,04-10-2013,00:20:35,ok
www.cnet.com,04-10-2013,00:20:36,ok
www.cnn.com,04-10-2013,00:20:37,ok
www.cnsuning.com,04-10-2013,00:20:44,ok
www.cnzz.cn,04-10-2013,00:20:47,ok
www.coches.net,04-10-2013,00:20:47,ok
www.cocolog-nifty.com,04-10-2013,00:20:49,ok
www.coderwall.com,04-10-2013,00:20:52,ok
www.colbertnation.com,04-10-2013,00:20:53,ok
www.collegeconfidential.com,04-10-2013,00:20:57,ok
www.collegehumor.com,04-10-2013,00:20:58,ok
www.comedycentral.com,04-10-2013,00:23:03,ok
www.com.kz,04-10-2013,00:23:02,ok
www.companieshouse.gov.uk,04-10-2013,00:23:03,ok
www.cotweet.com,04-10-2013,00:23:06,ok
www.couponcabin.com,04-10-2013,00:23:06,ok
www.craigslist.org,04-10-2013,00:23:08,ok
www.creaders.net,04-10-2013,00:23:10,ok
www.criteo.com,04-10-2013,00:23:10,ok
www.crunchbanglinux.org,04-10-2013,00:23:11,ok
www.cs.com.cn,04-10-2013,00:25:16,ok
www.csnstores.com,04-10-2013,00:25:17,ok
www.ct10000.com,04-10-2013,00:25:18,ok
www.cz.cc,04-10-2013,00:25:18,ok
www.dagospia.com,04-10-2013,00:25:18,ok
www.dailymail.co.uk,04-10-2013,00:25:19,ok
www.dailymotion.com,04-10-2013,00:25:19,ok
www.daisycon.com,04-10-2013,00:25:20,ok
www.dal.net,04-10-2013,00:25:21,ok
www.dancingbear.com,04-10-2013,00:25:21,ok
www.darkmyst.org,04-10-2013,00:25:21,ok
www.dba.dk,04-10-2013,00:25:24,ok
www.debian-multimedia.org,04-10-2013,00:25:25,ok
www.debian.org,04-10-2013,00:25:25,ok
www.decoo.jp,04-10-2013,00:25:28,ok
www.delicious.com,04-10-2013,00:25:28,ok
www.democracy.com,04-10-2013,00:25:29,ok
www.designerterminal.com,04-10-2013,00:25:30,ok
www.deviantart.com,04-10-2013,00:25:32,ok
www.dh005.com,04-10-2013,00:25:33,ok
www.dhc.co.jp,04-10-2013,00:25:35,ok
www.dhs.gov,04-10-2013,00:25:36,ok
www.digg.com,04-10-2013,00:25:37,ok
www.diigo.com,04-10-2013,00:25:40,ok
www.dion.ne.jp,04-10-2013,00:25:43,ok
www.dipity.com,04-10-2013,00:25:43,ok
www.dirty.ru,04-10-2013,00:25:44,ok
www.discuss.com.hk,04-10-2013,00:25:46,ok
www.disqus.com,04-10-2013,00:25:46,ok
www.dlsite.com,04-10-2013,00:25:47,ok
www.doityourself.com,04-10-2013,00:25:50,ok
www.dom2.ru,04-10-2013,00:25:51,ok
www.donedeal.ie,04-10-2013,00:25:51,ok
www.dospy.com,04-10-2013,00:25:54,ok
www.downforeveryoneorjustme.com,04-10-2013,00:25:54,ok
www.download.com,04-10-2013,00:25:55,ok
www.downxia.com,04-10-2013,00:25:59,ok
www.dropbox.com,04-10-2013,00:26:01,ok
www.drtuber.com,04-10-2013,00:26:01,ok
www.dtiblog.com,04-10-2013,00:26:05,ok
www.dti.ne.jp,04-10-2013,00:26:04,ok
www.dtiserv2.com,04-10-2013,00:26:06,ok
www.duga.jp,04-10-2013,00:26:08,ok
www.dumpert.nl,04-10-2013,00:26:08,ok
www.dw-world.de,04-10-2013,00:26:08,ok
www.dxlive.com,04-10-2013,00:26:09,ok
www.dy2018.net,04-10-2013,00:26:15,ok
www.dygod.net,04-10-2013,00:26:20,ok
www.dyndns.com,04-10-2013,00:26:20,ok
www.e2ma.net,04-10-2013,00:26:23,ok
www.ea.com,04-10-2013,00:26:23,ok
www.ebay.com,04-10-2013,00:26:25,ok
www.ebookbrowse.com,04-10-2013,00:26:26,ok
www.ed.ac.uk,04-10-2013,00:26:26,ok
www.edublogs.org,04-10-2013,00:26:34,ok
www.een.be,04-10-2013,00:26:34,ok
www.eff.org,04-10-2013,00:26:37,ok
www.efnet.org,04-10-2013,00:26:37,ok
www.egooad.com,04-10-2013,00:26:39,ok
www.elmundodeportivo.es,04-10-2013,00:26:40,ok
www.elog-ch.com,04-10-2013,00:26:40,ok
www.empflix.com,04-10-2013,00:26:41,ok
www.engadget.com,04-10-2013,00:26:41,ok
www.epochtimes.com,04-10-2013,00:26:42,ok
www.e-travel.com,04-10-2013,00:26:20,ok
www.europeancasinoassociation.org,04-10-2013,00:26:42,ok
www.eventful.com,04-10-2013,00:26:45,ok
www.evidus.com,04-10-2013,00:26:46,ok
www.exploader.net,04-10-2013,00:26:48,ok
www.extratorrent.com,04-10-2013,00:26:51,ok
www.extremetube.com,04-10-2013,00:26:51,ok
www.eyny.com,04-10-2013,00:26:54,ok
www.eztv.it,04-10-2013,00:26:55,ok
www.facebook.com,04-10-2013,00:26:56,ok
www.fahrinfo-berlin.de,04-10-2013,00:26:56,ok
www.fakku.net,04-10-2013,00:26:57,ok
www.fandango.com,04-10-2013,00:26:57,ok
www.fantong.com,04-10-2013,00:27:00,ok
www.fao.org,04-10-2013,00:27:02,ok
www.fastpic.ru,04-10-2013,00:27:03,ok
www.favotter.net,04-10-2013,00:27:05,ok
www.favstar.fm,04-10-2013,00:27:06,ok
www.fbcdn.net,04-10-2013,00:27:07,ok
www.fbi.gov,04-10-2013,00:27:07,ok
www.fc2.com,04-10-2013,00:27:08,ok
www.fda.gov,04-10-2013,00:27:08,ok
www.fedoraproject.org,04-10-2013,00:27:09,ok
www.femjoy.com,04-10-2013,00:27:10,ok
www.filesend.to,04-10-2013,00:27:11,ok
www.fileserve.com,04-10-2013,00:27:12,ok
www.filestube.com,04-10-2013,00:27:12,ok
www.filmstarts.de,04-10-2013,00:27:12,ok
www.flashgames.it,04-10-2013,00:29:14,ok
www.flashwing.net,04-10-2013,00:29:16,ok
www.flatturtle.com,04-10-2013,00:29:17,ok
www.fleshbot.com,04-10-2013,00:29:19,ok
www.flickr.com,04-10-2013,00:29:20,ok
www.flipkart.com,04-10-2013,00:29:21,ok
www.flyaerlingus.com,04-10-2013,00:29:22,ok
www.flycell.com.br,04-10-2013,00:29:23,ok
www.fooooo.com,04-10-2013,00:29:24,ok
www.forum.hr,04-10-2013,00:29:25,ok
www.fotocasa.es,04-10-2013,00:29:25,ok
www.foursquare.com,04-10-2013,00:29:27,ok
www.foxtab.com,04-10-2013,00:29:27,ok
www.freakshare.com,04-10-2013,00:29:27,ok
www.free.fr,04-10-2013,00:29:27,ok
www.freelotto.com,04-10-2013,00:29:28,ok
www.freenode.net,04-10-2013,00:29:29,ok
www.freepornofreeporn.com,04-10-2013,00:29:29,ok
www.freeridegames.com,04-10-2013,00:29:30,ok
www.freeservers.com,04-10-2013,00:29:31,ok
www.freetibet.org,04-10-2013,00:29:31,ok
www.freewebs.com,04-10-2013,00:29:32,ok
www.friendfeed.com,04-10-2013,00:29:34,ok
www.friendfeed-media.com,04-10-2013,00:29:33,ok
www.friendster.com,04-10-2013,00:29:35,ok
www.fruitmail.net,04-10-2013,00:29:37,ok
www.ftchinese.com,04-10-2013,00:29:42,ok
www.fujitv.co.jp,04-10-2013,00:29:45,ok
www.fulltiltpoker.com,04-10-2013,00:29:45,ok
www.gad.de,04-10-2013,00:29:45,ok
www.galeon.com,04-10-2013,00:29:45,ok
www.gamebase.com.tw,04-10-2013,00:29:47,ok
www.gamer.com.tw,04-10-2013,00:29:50,ok
www.gamerp.jp,04-10-2013,00:29:51,ok
www.gametrailers.com,04-10-2013,00:29:52,ok
www.gather.com,04-10-2013,00:29:53,ok
www.gaytube.com,04-10-2013,00:29:53,ok
www.gazzetta.it,04-10-2013,00:29:53,ok
www.gc.ca,04-10-2013,00:29:54,ok
www.gdb.com.cn,04-10-2013,00:29:55,ok
www.geekonaute.fr,04-10-2013,00:29:55,ok
www.geenstijl.nl,04-10-2013,00:29:55,ok
www.generation-nt.com,04-10-2013,00:29:56,ok
www.gentoo.org,04-10-2013,00:29:56,ok
www.geocities.co.jp,04-10-2013,00:29:58,ok
www.geocities.jp,04-10-2013,00:29:59,ok
www.getiton.com,04-10-2013,00:30:02,ok
www.getminted.com,04-10-2013,00:30:02,ok
www.getuploader.com,04-10-2013,00:30:04,ok
www.github.com,04-10-2013,00:30:06,ok
www.gizmodo.com,04-10-2013,00:30:08,ok
www.gizmodo.jp,04-10-2013,00:30:13,ok
www.gmailblog.blogspot.com,04-10-2013,00:30:14,ok
www.gmail.com,04-10-2013,00:30:14,ok
www.gmxattachments.net,04-10-2013,00:30:15,ok
www.gmx.de,04-10-2013,00:30:15,ok
www.gmx.net,04-10-2013,00:30:15,ok
www.gnupg.org,04-10-2013,00:30:15,ok
www.go2cloud.org,04-10-2013,00:30:17,ok
www.go.com,04-10-2013,00:30:17,ok
www.godaddy.com,04-10-2013,00:30:19,ok
www.godgame.com.tw,04-10-2013,00:30:20,ok
www.goodreads.com,04-10-2013,00:30:21,ok
www.googleartproject.com,04-10-2013,00:30:23,ok
www.google.be,04-10-2013,00:30:21,ok
www.googleblog.blogspot.com,04-10-2013,00:30:24,ok
www.google.cn,04-10-2013,00:30:21,ok
www.google.co.in,04-10-2013,00:30:22,ok
www.google.co.jp,04-10-2013,00:30:22,ok
www.google.com,04-10-2013,00:30:22,ok
www.google.com.au,04-10-2013,00:30:22,ok
www.google.com.hk,04-10-2013,00:30:22,ok
www.google.com.pk,04-10-2013,00:30:22,ok
www.google.com.sg,04-10-2013,00:30:23,ok
www.google.com.tr,04-10-2013,00:30:23,ok
www.google.co.th,04-10-2013,00:30:22,ok
www.google.co.uk,04-10-2013,00:30:22,ok
www.google.de,04-10-2013,00:30:23,ok
www.google.fr,04-10-2013,00:30:23,ok
www.google.it,04-10-2013,00:30:23,ok
www.google.nl,04-10-2013,00:30:23,ok
www.googlesystem.blogspot.com,04-10-2013,00:30:25,ok
www.googlewebmastercentral.blogspot.com,04-10-2013,00:30:25,ok
www.gotgayporn.com,04-10-2013,00:30:25,ok
www.gougou.com,04-10-2013,00:30:27,ok
www.gov.on.ca,04-10-2013,00:30:29,ok
www.gpoint.co.jp,04-10-2013,00:30:31,ok
www.gpotato.eu,04-10-2013,00:30:31,ok
www.gravatar.com,04-10-2013,00:30:32,ok
www.greatfirewallofchina.org,04-10-2013,00:30:32,ok
www.greedytorrent.com,04-10-2013,00:30:33,ok
www.grindtv.com,04-10-2013,00:30:34,ok
www.grooveshark.com,04-10-2013,00:30:35,ok
www.growl.info,04-10-2013,00:30:35,ok
www.grupobancolombia.com,04-10-2013,00:30:36,ok
www.gruposantander.es,04-10-2013,00:30:36,ok
www.guardian.co.uk,04-10-2013,00:30:37,ok
www.gutteruncensorednewsb.blogspot.com,04-10-2013,00:30:37,ok
www.gva.be,04-10-2013,00:30:37,ok
www.gyyx.cn,04-10-2013,00:30:39,ok
www.halifax-online.co.uk,04-10-2013,00:30:41,ok
www.hao722.cn,04-10-2013,00:30:42,ok
www.harborfreight.com,04-10-2013,00:30:42,ok
www.hattrick.org,04-10-2013,00:30:42,ok
www.hbs.edu,04-10-2013,00:30:44,ok
www.hbvl.be,04-10-2013,00:30:44,ok
www.hdouga.com,04-10-2013,00:30:46,ok
www.hd-torrents.org,04-10-2013,00:30:45,ok
www.hgtv.com,04-10-2013,00:30:47,ok
www.hi5.com,04-10-2013,00:30:48,ok
www.hidemyass.com,04-10-2013,00:30:48,ok
www.hi-ho.ne.jp,04-10-2013,00:30:47,ok
www.hinet.net,04-10-2013,00:30:50,ok
www.hip2save.com,04-10-2013,00:30:51,ok
www.hkgolden.com,04-10-2013,00:32:45,ok
www.hkjc.com,04-10-2013,00:32:48,ok
www.hkreporter.com,04-10-2013,00:32:52,ok
www.hmrc.gov.uk,04-10-2013,00:32:52,ok
www.home.ne.jp,04-10-2013,00:32:55,ok
www.honda.co.jp,04-10-2013,00:32:58,ok
www.hootsuite.com,04-10-2013,00:33:01,ok
www.hotfile123.com,04-10-2013,00:33:02,ok
www.hotfile.com,04-10-2013,00:33:01,ok
www.hotmail.com,04-10-2013,00:33:04,ok
www.hp.com,04-10-2013,00:33:05,ok
www.huffingtonpost.com,04-10-2013,00:33:05,ok
www.hulu.com,04-10-2013,00:33:06,ok
www.hyves.nl,04-10-2013,00:33:06,ok
www.ibibo.com,04-10-2013,00:33:10,ok
www.ibm.com,04-10-2013,00:33:11,ok
www.icbc.com.cn,04-10-2013,00:33:12,ok
www.icisleri.gov.tr,04-10-2013,00:33:13,ok
www.identi.ca,04-10-2013,00:33:16,ok
www.idlebox.net,04-10-2013,00:33:16,ok
www.ign.com,04-10-2013,00:33:16,ok
www.ignou.ac.in,04-10-2013,00:33:18,ok
www.i-like-movie.com,04-10-2013,00:33:06,ok
www.ilmessaggero.it,04-10-2013,00:33:19,ok
www.imageshack.us,04-10-2013,00:33:22,ok
www.imagevenue.com,04-10-2013,00:33:23,ok
www.imdb.com,04-10-2013,00:33:24,ok
www.imgur.com,04-10-2013,00:33:24,ok
www.indiatimes.com,04-10-2013,00:33:25,ok
www.infojobs.com.br,04-10-2013,00:33:25,ok
www.inhetnieuws.nl,04-10-2013,00:33:26,ok
www.inps.it,04-10-2013,00:33:26,ok
www.instagr.am,04-10-2013,00:33:27,ok
www.instagram.com,04-10-2013,00:33:28,ok
www.i-part.com.tw,04-10-2013,00:33:10,ok
www.irail.be,04-10-2013,00:33:29,ok
www.irail.nl,04-10-2013,00:33:31,ok
www.ircnet.org,04-10-2013,00:33:31,ok
www.irs.gov,04-10-2013,00:33:31,ok
www.isohunt.com,04-10-2013,00:33:32,ok
www.itmedia.co.jp,04-10-2013,00:33:35,ok
www.itprofessional.be,04-10-2013,00:33:35,ok
www.its-mo.com,04-10-2013,00:33:37,ok
www.iza.ne.jp,04-10-2013,00:33:39,ok
www.izlesene.com,04-10-2013,00:33:39,ok
www.jabber.org,04-10-2013,00:33:40,ok
www.jalopnik.com,04-10-2013,00:33:42,ok
www.japannetbank.co.jp,04-10-2013,00:33:43,ok
www.japantimes.co.jp,04-10-2013,00:33:45,ok
www.jfdaily.com,04-10-2013,00:33:47,ok
www.jinzhao99.com,04-10-2013,00:33:50,ok
www.jitbit.com,04-10-2013,00:33:50,ok
www.jma.go.jp,04-10-2013,00:33:53,ok
www.jobrapido.de,04-10-2013,00:33:53,ok
www.johnnys-net.jp,04-10-2013,00:33:54,ok
www.joindiaspora.com,04-10-2013,00:33:57,ok
www.joomlaworks.gr,04-10-2013,00:33:57,ok
www.joomlaxtc.com,04-10-2013,00:33:58,ok
www.jra.go.jp,04-10-2013,00:34:01,ok
www.jreast.co.jp,04-10-2013,00:34:04,ok
www.jr-odekake.net,04-10-2013,00:33:59,ok
www.jumptags.com,04-10-2013,00:34:05,ok
www.justunfollow.com,04-10-2013,00:34:05,ok
www.jz123.com,04-10-2013,00:34:09,ok
www.kajabi.com,04-10-2013,00:34:11,ok
www.kathimerini.gr,04-10-2013,00:34:11,ok
www.kddi.com,04-10-2013,00:34:13,ok
www.keezmovies.com,04-10-2013,00:34:13,ok
www.keio.ac.jp,04-10-2013,00:34:14,ok
www.kendincos.net,04-10-2013,00:34:15,ok
www.kickasstorrents.com,04-10-2013,00:34:15,ok
www.kinghost.com,04-10-2013,00:34:16,ok
www.kino.de,04-10-2013,00:34:16,ok
www.kir.jp,04-10-2013,00:34:17,ok
www.klikbca.com,04-10-2013,00:34:23,ok
www.klout.com,04-10-2013,00:34:24,ok
www.kuronekoyamato.co.jp,04-10-2013,00:34:27,ok
www.labnol.blogspot.com,04-10-2013,00:34:27,ok
www.ladbrokes.com,04-10-2013,00:34:31,ok
www.lalulalu.com,04-10-2013,00:34:32,ok
www.launches.net,04-10-2013,00:34:34,ok
www.ldblog.jp,04-10-2013,00:34:35,ok
www.lemonde.fr,04-10-2013,00:34:35,ok
www.lexilogos.com,04-10-2013,00:34:36,ok
www.libyafeb17.com,04-10-2013,00:34:36,ok
www.lifehacker.com,04-10-2013,00:34:36,ok
www.limetorrents.com,04-10-2013,00:34:37,ok
www.linkedin.com,04-10-2013,00:34:38,ok
www.linkhelper.cn,04-10-2013,00:34:41,ok
www.linux.com,04-10-2013,00:34:42,ok
www.linuxquestions.org,04-10-2013,00:34:44,ok
www.liputan6.com,04-10-2013,00:34:47,ok
www.live.com,04-10-2013,00:34:49,ok
www.livejasmin.com,04-10-2013,00:34:49,ok
www.livejournal.com,04-10-2013,00:34:50,ok
www.liveperson.net,04-10-2013,00:34:50,ok
www.livestation.com,04-10-2013,00:34:51,ok
www.livestream.com,04-10-2013,00:34:51,ok
www.lloydstsb.co.uk,04-10-2013,00:34:52,ok
www.loadays.org,04-10-2013,00:34:55,ok
www.lockerz.com,04-10-2013,00:34:58,ok
www.logmein.com,04-10-2013,00:34:59,ok
www.lulzsecurity.com,04-10-2013,00:35:00,ok
www.lustyguide.com,04-10-2013,00:35:01,ok
www.lxde.org,04-10-2013,00:35:05,ok
www.macnews.de,04-10-2013,00:35:05,ok
www.mademan.com,04-10-2013,00:35:06,ok
www.madrid.org,04-10-2013,00:35:06,ok
www.mail-archive.com,04-10-2013,00:35:08,ok
www.mail.ru,04-10-2013,00:35:09,ok
www.mai-net.net,04-10-2013,00:35:08,ok
www.marieclairechina.com,04-10-2013,00:35:13,ok
www.mashable.com,04-10-2013,00:35:13,ok
www.maybank2u.com.my,04-10-2013,00:35:14,ok
www.mcdonalds.co.jp,04-10-2013,00:35:16,ok
www.mcgill.ca,04-10-2013,00:35:16,ok
www.meb.gov.tr,04-10-2013,00:35:17,ok
www.mec.es,04-10-2013,00:35:18,ok
www.mec.gov.br,04-10-2013,00:35:18,ok
www.mediafire.com,04-10-2013,00:35:19,ok
www.mediaset.it,04-10-2013,00:35:19,ok
www.meetup.com,04-10-2013,00:35:20,ok
www.mefeedia.com,04-10-2013,00:35:21,ok
www.megatv.com,04-10-2013,00:35:21,ok
www.metacafe.com,04-10-2013,00:35:22,ok
www.mhlw.go.jp,04-10-2013,00:35:23,ok
www.microsoft.com,04-10-2013,00:35:26,ok
www.microsofttranslator.com,04-10-2013,00:35:27,ok
www.mihanblog.com,04-10-2013,00:35:30,ok
www.miiatech.com,04-10-2013,00:35:32,ok
www.miibeian.gov.cn,04-10-2013,00:35:36,ok
www.miitbeian.gov.cn,04-10-2013,00:35:37,ok
www.minghui.org,04-10-2013,00:35:38,ok
www.mingpao.com,04-10-2013,00:35:40,ok
www.mitbbs.com,04-10-2013,00:35:41,ok
www.mizuhobank.co.jp,04-10-2013,00:35:44,ok
www.mlit.go.jp,04-10-2013,00:35:46,ok
www.mlxchange.com,04-10-2013,00:35:46,ok
www.mmaaxx.com,04-10-2013,00:35:47,ok
www.mobile01.com,04-10-2013,00:35:50,ok
www.mobypicture.com,04-10-2013,00:35:51,ok
www.modernizr.com,04-10-2013,00:35:51,ok
www.mohegunsun.com,04-10-2013,00:35:53,ok
www.momoshop.com.tw,04-10-2013,00:35:54,ok
www.movies.com,04-10-2013,00:35:55,ok
www.mris.com,04-10-2013,00:35:56,ok
www.msn.com,04-10-2013,00:35:56,ok
www.mtv.com,04-10-2013,00:35:59,ok
www.muare.vn,04-10-2013,00:36:04,ok
www.multiply.com,04-10-2013,00:36:04,ok
www.multiupload.com,04-10-2013,00:36:04,ok
www.mybrowserbar.com,04-10-2013,00:36:04,ok
www.mycom.co.jp,04-10-2013,00:36:06,ok
www.mymodernmet.com,04-10-2013,00:36:09,ok
www.myspace.com,04-10-2013,00:36:11,ok
www.myvideo.de,04-10-2013,00:36:12,ok
www.myyearbook.com,04-10-2013,00:36:13,ok
www.nakadashi.to,04-10-2013,00:36:14,ok
www.namipan.com,04-10-2013,00:36:16,ok
www.narod.ru,04-10-2013,00:36:16,ok
www.nasa.gov,04-10-2013,00:36:16,ok
www.nastyvideotube.com,04-10-2013,00:36:18,ok
www.navitime.co.jp,04-10-2013,00:36:21,ok
www.navy.mil,04-10-2013,00:36:21,ok
www.neopets.com,04-10-2013,00:36:22,ok
www.nerdnearby.com,04-10-2013,00:36:22,ok
www.netflix.com,04-10-2013,00:36:24,ok
www.netlog.be,04-10-2013,00:36:24,ok
www.netmile.co.jp,04-10-2013,00:36:26,ok
www.netteller.com,04-10-2013,00:36:31,ok
www.network54.com,04-10-2013,00:36:32,ok
www.networkedblogs.com,04-10-2013,00:36:32,ok
www.netzpolitik.org,04-10-2013,00:36:33,ok
www.news-postseven.com,04-10-2013,00:36:35,ok
www.nexon.co.jp,04-10-2013,00:36:38,ok
www.nfdaily.cn,04-10-2013,00:36:40,ok
www.nhk.or.jp,04-10-2013,00:36:41,ok
www.nick.com,04-10-2013,00:36:43,ok
www.nickdemey.be,04-10-2013,00:36:43,ok
www.nickjr.com,04-10-2013,00:36:45,ok
www.nicovideo.jp,04-10-2013,00:36:46,ok
www.nieuwsblad.be,04-10-2013,00:36:47,ok
www.nii.ac.jp,04-10-2013,00:36:48,ok
www.nikkansports.com,04-10-2013,00:36:49,ok
www.nikkei.co.jp,04-10-2013,00:36:52,ok
www.ning.com,04-10-2013,00:36:53,ok
www.nintendo.com,04-10-2013,00:36:54,ok
www.nothingtoxic.com,04-10-2013,00:36:56,ok
www.noticias3d.com,04-10-2013,00:36:56,ok
www.nps.gov,04-10-2013,00:36:56,ok
www.nrk.no,04-10-2013,00:36:56,ok
www.nta.go.jp,04-10-2013,00:36:58,ok
www.nttdocomo.co.jp,04-10-2013,00:37:00,ok
www.ntu.edu.tw,04-10-2013,00:37:01,ok
www.ntv.co.jp,04-10-2013,00:37:03,ok
www.nytimes.com,04-10-2013,00:37:04,ok
www.occ.com.mx,04-10-2013,00:37:06,ok
www.ocn.ne.jp,04-10-2013,00:37:11,ok
www.ocxxx.com,04-10-2013,00:37:13,ok
www.ofertix.com,04-10-2013,00:37:13,ok
www.okaz.com.sa,04-10-2013,00:37:14,ok
www.onani-daisuki.com,04-10-2013,00:37:16,ok
www.onlae.es,04-10-2013,00:37:16,ok
www.onlinecasinoking.com,04-10-2013,00:37:20,ok
www.onlinecasinoplaygames.com,04-10-2013,00:37:21,ok
www.onlinecreditcenter6.com,04-10-2013,00:37:21,ok
www.online.sh.cn,04-10-2013,00:37:19,ok
www.open.ac.uk,04-10-2013,00:37:21,ok
www.opendemocracy.net,04-10-2013,00:37:21,ok
www.openpr.de,04-10-2013,00:37:22,ok
www.opensubtitles.net,04-10-2013,00:37:22,ok
www.opensuse.org,04-10-2013,00:37:23,ok
www.orange-hiyoko.blogspot.com,04-10-2013,00:37:24,ok
www.orbooks.com,04-10-2013,00:37:24,ok
www.oricon.co.jp,04-10-2013,00:37:26,ok
www.orkut.com,04-10-2013,00:37:28,ok
www.oursogo.com,04-10-2013,00:37:30,ok
www.overture.com,04-10-2013,00:37:31,ok
www.ow.ly,04-10-2013,00:37:36,ok
www.pacificpoker.com,04-10-2013,00:37:42,ok
www.pacopacomama.com,04-10-2013,00:37:42,ok
www.pagerage.com,04-10-2013,00:37:43,ok
www.pagesperso-orange.fr,04-10-2013,00:37:44,ok
www.pandora.tv,04-10-2013,00:37:47,ok
www.paper.li,04-10-2013,00:37:49,ok
www.pap.fr,04-10-2013,00:37:48,ok
www.parentsconnect.com,04-10-2013,00:37:50,ok
www.partycasino.com,04-10-2013,00:37:50,ok
www.partypoker.com,04-10-2013,00:37:50,ok
www.partypoker.fr,04-10-2013,00:37:50,ok
www.passion.com,04-10-2013,00:37:51,ok
www.payamsara.com,04-10-2013,00:37:52,ok
www.paypal.be,04-10-2013,00:38:01,ok
www.paypal.com,04-10-2013,00:38:05,ok
www.paypal-shopping.com,04-10-2013,00:37:57,ok
www.pbworks.com,04-10-2013,00:38:06,ok
www.perfspot.com,04-10-2013,00:38:06,ok
www.photobucket.com,04-10-2013,00:38:07,ok
www.photosex.biz,04-10-2013,00:38:07,ok
www.phpnuke.ir,04-10-2013,00:38:15,ok
www.php.su,04-10-2013,00:38:10,ok
www.phpwind.com,04-10-2013,00:38:16,ok
www.pichunter.com,04-10-2013,00:38:17,ok
www.pimpandhost.com,04-10-2013,00:38:18,ok
www.pixnet.net,04-10-2013,00:38:21,ok
www.planet23.com,04-10-2013,00:38:22,ok
www.playboy.com,04-10-2013,00:38:23,ok
www.plurk.com,04-10-2013,00:38:23,ok
www.pocket-lint.com,04-10-2013,00:38:23,ok
www.pokerclub.be,04-10-2013,00:38:24,ok
www.poker.com,04-10-2013,00:38:24,ok
www.pokerlistings.com,04-10-2013,00:38:25,ok
www.pokernews.com,04-10-2013,00:38:25,ok
www.pokerstars.com,04-10-2013,00:38:25,ok
www.pontofrio.com.br,04-10-2013,00:39:12,ok
www.poppen.de,04-10-2013,00:39:12,ok
www.pornhub.com,04-10-2013,00:39:12,ok
www.pornoxo.com,04-10-2013,00:39:13,ok
www.porntube.com,04-10-2013,00:39:14,ok
www.posterous.com,04-10-2013,00:39:15,ok
www.prefetch.net,04-10-2013,00:39:15,ok
www.premierleague.com,04-10-2013,00:39:16,ok
www.privet.ru,04-10-2013,00:39:16,ok
www.productlaunchformula.com,04-10-2013,00:39:17,ok
www.programmingforums.org,04-10-2013,00:39:18,ok
www.ps3iso.com,04-10-2013,00:39:19,ok
www.psdisasters.com,04-10-2013,00:39:20,ok
www.publicidees.com,04-10-2013,00:39:21,ok
www.pudelek.pl,04-10-2013,00:39:21,ok
www.pussy.org,04-10-2013,00:39:22,ok
www.p-world.co.jp,04-10-2013,00:37:39,ok
www.qeedoo.com,04-10-2013,00:39:27,ok
www.qibosoft.com,04-10-2013,00:39:29,ok
www.qq.com,04-10-2013,00:39:31,ok
www.qqnz.com,04-10-2013,00:39:33,ok
www.qqtn.com,04-10-2013,00:39:37,ok
www.quakenet.org,04-10-2013,00:39:38,ok
www.quora.com,04-10-2013,00:39:40,ok
www.qwerly.com,04-10-2013,00:39:41,ok
www.r1fclick.com,04-10-2013,00:39:41,ok
www.rackerhacker.com,04-10-2013,00:39:42,ok
www.radaris.com,04-10-2013,00:39:42,ok
www.rakuten.com,04-10-2013,00:39:46,ok
www.rakuten-kc.co.jp,04-10-2013,00:39:45,ok
www.rakuten.ne.jp,04-10-2013,00:39:47,ok
www.rapidshare.com,04-10-2013,00:39:48,ok
www.reddit.com,04-10-2013,00:39:48,ok
www.redhat.com,04-10-2013,00:39:48,ok
www.redtube.com,04-10-2013,00:39:49,ok
www.reference.com,04-10-2013,00:39:50,ok
www.replays.net,04-10-2013,00:39:52,ok
www.repubblica.it,04-10-2013,00:39:53,ok
www.republika.co.id,04-10-2013,00:39:55,ok
www.reuters.com,04-10-2013,00:39:55,ok
www.rfi.fr,04-10-2013,00:39:55,ok
www.rightmediaptc.com,04-10-2013,00:39:56,ok
www.rikunabi.com,04-10-2013,00:39:57,ok
www.rising.cn,04-10-2013,00:39:59,ok
www.rising.com.cn,04-10-2013,00:40:03,ok
www.rizon.net,04-10-2013,00:40:04,ok
www.rootspirit.com,04-10-2013,00:42:05,ok
www.rootspirit.info,04-10-2013,00:42:05,ok
www.rosettacode.org,04-10-2013,00:42:07,ok
www.rsf-chinese.org,04-10-2013,00:42:07,ok
www.rs-online.com,04-10-2013,00:42:07,ok
www.rt.com,04-10-2013,00:42:08,ok
www.rubias19.com,04-10-2013,00:42:08,ok
www.ruiidc.com,04-10-2013,00:42:10,ok
www.rutube.ru,04-10-2013,00:42:10,ok
www.sagawa-exp.co.jp,04-10-2013,00:42:12,ok
www.saic.gov.cn,04-10-2013,00:42:17,ok
www.saisoncard.co.jp,04-10-2013,00:42:19,ok
www.sanspo.com,04-10-2013,00:42:23,ok
www.savings.com,04-10-2013,00:42:23,ok
www.sbisec.co.jp,04-10-2013,00:42:28,ok
www.scbeasy.com,04-10-2013,00:42:31,ok
www.scribd.com,04-10-2013,00:42:32,ok
www.seedit.com,04-10-2013,00:46:40,ok
www.seesmic.com,04-10-2013,00:46:41,ok
www.segundamano.com.mx,04-10-2013,00:46:42,ok
www.segye.com,04-10-2013,00:46:44,ok
www.seoul.co.kr,04-10-2013,00:46:47,ok
www.sep.gob.mx,04-10-2013,00:46:51,ok
www.serverfault.com,04-10-2013,00:46:51,ok
www.sevenload.com,04-10-2013,00:46:51,ok
www.sex141.com,04-10-2013,00:46:52,ok
www.sexandsubmission.com,04-10-2013,00:46:53,ok
www.sexbot.com,04-10-2013,00:46:54,ok
www.sexpixbox.com,04-10-2013,00:46:55,ok
www.sharp.co.jp,04-10-2013,00:46:56,ok
www.shejis.com,04-10-2013,00:47:02,ok
www.shendu.cc,04-10-2013,00:47:05,ok
www.shockwave.com,04-10-2013,00:47:07,ok
www.shopch.jp,04-10-2013,00:47:09,ok
www.shoptime.com.br,04-10-2013,00:47:09,ok
www.showtime.jp,04-10-2013,00:47:13,ok
www.shufoo.net,04-10-2013,00:47:15,ok
www.sinaapp.com,04-10-2013,00:47:25,ok
www.sina.com.cn,04-10-2013,00:47:24,ok
www.singaporepools.com.sg,04-10-2013,00:47:28,ok
www.singtaonet.com,04-10-2013,00:47:31,ok
www.sistrix.com,04-10-2013,00:47:31,ok
www.skyhookwireless.com,04-10-2013,00:47:31,ok
www.skype.com,04-10-2013,00:47:32,ok
www.slashdot.org,04-10-2013,00:47:34,ok
www.slideshare.com,04-10-2013,00:47:35,ok
www.smbc-card.com,04-10-2013,00:47:37,ok
www.smbc.co.jp,04-10-2013,00:47:38,ok
www.smgbb.cn,04-10-2013,00:49:44,ok
www.snipt.net,04-10-2013,00:49:47,ok
www.sod.co.jp,04-10-2013,00:49:49,ok
www.softonic.it,04-10-2013,00:49:50,ok
www.softwaregeek.com,04-10-2013,00:49:51,ok
www.songkick.com,04-10-2013,00:49:51,ok
www.soundclick.com,04-10-2013,00:49:51,ok
www.soup.io,04-10-2013,00:49:52,ok
www.sourceforge.net,04-10-2013,00:49:52,ok
www.southparkstudios.com,04-10-2013,00:49:53,ok
www.spdb.com.cn,04-10-2013,00:49:57,ok
www.sp.gov.br,04-10-2013,00:49:55,ok
www.sphere.ws,04-10-2013,00:49:57,ok
www.spiegel.de,04-10-2013,00:49:58,ok
www.spike.com,04-10-2013,00:49:58,ok
www.sponichi.co.jp,04-10-2013,00:50:00,ok
www.sport-fm.gr,04-10-2013,00:50:00,ok
www.square-enix.co.jp,04-10-2013,00:50:01,ok
www.stackoverflow.com,04-10-2013,00:50:02,ok
www.standaard.be,04-10-2013,00:50:02,ok
www.stargames.at,04-10-2013,00:50:03,ok
www.startssl.com,04-10-2013,00:50:04,ok
www.state.nj.us,04-10-2013,00:50:04,ok
www.state.ny.us,04-10-2013,00:50:05,ok
www.state.tx.us,04-10-2013,00:50:07,ok
www.stern.de,04-10-2013,00:50:07,ok
www.stickam.com,04-10-2013,00:50:08,ok
www.stileproject.com,04-10-2013,00:50:08,ok
www.stockhouse.com,04-10-2013,00:50:11,ok
www.storify.com,04-10-2013,00:50:12,ok
www.stubru.be,04-10-2013,00:50:12,ok
www.stumbleupon.com,04-10-2013,00:50:12,ok
www.submityourflicks.com,04-10-2013,00:50:13,ok
www.submityourtapes.com,04-10-2013,00:50:13,ok
www.summify.com,04-10-2013,00:50:14,ok
www.suntory.co.jp,04-10-2013,00:50:15,ok
www.superuser.com,04-10-2013,00:50:16,ok
www.sweetnote.com,04-10-2013,00:50:17,ok
www.syd.com.cn,04-10-2013,00:50:20,ok
www.sytes.net,04-10-2013,00:50:22,ok
www.t35.com,04-10-2013,00:50:23,ok
www.tagged.com,04-10-2013,00:50:23,ok
www.taiwanlottery.com.tw,04-10-2013,00:50:25,ok
www.talktalk.co.uk,04-10-2013,00:50:27,ok
www.tanea.gr,04-10-2013,00:50:28,ok
www.taobao.com,04-10-2013,00:50:30,ok
www.tbs.co.jp,04-10-2013,00:50:31,ok
www.teambuy.com.cn,04-10-2013,00:50:35,ok
www.techcrunch.com,04-10-2013,00:52:38,ok
www.technorati.com,04-10-2013,00:52:40,ok
www.techonthenet.com,04-10-2013,00:52:40,ok
www.ted.com,04-10-2013,00:52:41,ok
www.teenburg.com,04-10-2013,00:52:41,ok
www.teenie-pics.com,04-10-2013,00:52:41,ok
www.teennick.com,04-10-2013,00:52:43,ok
www.tempalias.com,04-10-2013,00:54:45,ok
www.thedailyshow.com,04-10-2013,00:54:45,ok
www.thenextweb.com,04-10-2013,00:54:46,ok
www.theoatmeal.com,04-10-2013,00:54:47,ok
www.theonion.com,04-10-2013,00:54:47,ok
www.thepiratebay.org,04-10-2013,00:54:48,ok
www.thesartorialist.blogspot.com,04-10-2013,00:54:48,ok
www.thesixtyone.com,04-10-2013,00:54:49,ok
www.thisav.com,04-10-2013,00:54:49,ok
www.thisis50.com,04-10-2013,00:54:51,ok
www.tibet.com,04-10-2013,00:54:54,ok
www.tibet.net,04-10-2013,00:54:54,ok
www.tibet.org,04-10-2013,00:54:55,ok
www.tiete.be,04-10-2013,00:54:55,ok
www.tiete.eu,04-10-2013,00:54:55,ok
www.tiete.org,04-10-2013,00:54:55,ok
www.tijd.be,04-10-2013,00:54:55,ok
www.timsah.com,04-10-2013,00:54:56,ok
www.tinychat.com,04-10-2013,00:54:58,ok
www.tmi.me,04-10-2013,00:55:01,ok
www.tnaflix.com,04-10-2013,00:55:01,ok
www.tns-global.com,04-10-2013,00:55:02,ok
www.tocka.com.mk,04-10-2013,00:55:03,ok
www.togetter.com,04-10-2013,00:55:04,ok
www.toluna.com,04-10-2013,00:55:06,ok
www.topsy.com,04-10-2013,00:55:07,ok
www.toranoana.jp,04-10-2013,00:55:08,ok
www.torrentfreak.com,04-10-2013,00:55:08,ok
www.toshiba.co.jp,04-10-2013,01:01:11,ok
www.tosp.co.jp,04-10-2013,01:01:14,ok
www.totallycoolpix.com,04-10-2013,01:01:14,ok
www.tovima.gr,04-10-2013,01:01:15,ok
www.tradus.in,04-10-2013,01:01:18,ok
www.trafficgate.net,04-10-2013,01:01:23,ok
www.treinreiziger.nl,04-10-2013,01:01:23,ok
www.trekearth.com,04-10-2013,01:01:24,ok
www.tro-ma-ktiko.blogspot.com,04-10-2013,01:01:24,ok
www.truveo.com,04-10-2013,01:01:25,ok
www.truvo.be,04-10-2013,01:01:25,ok
www.tsutaya.co.jp,04-10-2013,01:01:29,ok
www.tuaw.com,04-10-2013,01:01:29,ok
www.tube8.com,04-10-2013,01:01:29,ok
www.tubefire.com,04-10-2013,01:01:31,ok
www.tuinslak.be,04-10-2013,01:01:32,ok
www.tuinslak.eu,04-10-2013,01:01:33,ok
www.tuinslak.org,04-10-2013,01:01:34,ok
www.tumblr.com,04-10-2013,01:01:36,ok
www.tunisia-sat.com,04-10-2013,01:01:37,ok
www.tunnelbroker.net,04-10-2013,01:01:37,ok
www.tuttosport.com,04-10-2013,01:01:38,ok
www.tv-asahi.co.jp,04-10-2013,01:01:41,ok
www.tvboxnow.com,04-10-2013,01:01:46,ok
www.tv.com,04-10-2013,01:01:46,ok
www.tv-tokyo.co.jp,04-10-2013,01:01:44,ok
www.tweakers.net,04-10-2013,01:01:46,ok
www.tweetdeck.com,04-10-2013,01:01:47,ok
www.tweetmeme.com,04-10-2013,01:01:47,ok
www.tweetvite.com,04-10-2013,01:01:48,ok
www.twilog.org,04-10-2013,01:01:51,ok
www.twitlonger.com,04-10-2013,01:01:51,ok
www.twitoaster.com,04-10-2013,01:01:51,ok
www.twitpic.com,04-10-2013,01:01:51,ok
www.twitter.com,04-10-2013,01:01:53,ok
www.twittercounter.com,04-10-2013,01:01:54,ok
www.twitterfeed.com,04-10-2013,01:01:55,ok
www.twitvid.com,04-10-2013,01:01:56,ok
www.tyneso.com,04-10-2013,01:02:18,ok
www.typepad.com,04-10-2013,01:02:19,ok
www.uba.ar,04-10-2013,01:02:22,ok
www.ubuntu.com,04-10-2013,01:02:22,ok
www.ucm.es,04-10-2013,01:02:22,ok
www.udn.com,04-10-2013,01:02:23,ok
www.uk.to,04-10-2013,01:02:23,ok
www.unal.edu.co,04-10-2013,01:02:26,ok
www.uned.es,04-10-2013,01:02:26,ok
www.uni.cc,04-10-2013,01:02:27,ok
www.unicreditbanca.it,04-10-2013,01:02:28,ok
www.unionli.com,04-10-2013,01:02:29,ok
www.unix.com,04-10-2013,01:02:30,ok
www.unixguide.net,04-10-2013,01:02:31,ok
www.un.org,04-10-2013,01:02:24,ok
www.uoc.edu,04-10-2013,01:02:31,ok
www.upenn.edu,04-10-2013,01:02:31,ok
www.uploadshare.org,04-10-2013,01:02:32,ok
www.upublish.info,04-10-2013,01:02:34,ok
www.userbase.be,04-10-2013,01:02:34,ok
www.ustream.tv,04-10-2013,01:02:35,ok
www.u-tokyo.ac.jp,04-10-2013,01:02:21,ok
www.utoronto.ca,04-10-2013,01:02:36,ok
www.uueasy.com,04-10-2013,01:03:48,ok
www.value-domain.com,04-10-2013,01:03:50,ok
www.vandaag.be,04-10-2013,01:03:50,ok
www.vcricket.com,04-10-2013,01:03:51,ok
www.vdolady.com,04-10-2013,01:03:53,ok
www.vector.co.jp,04-10-2013,01:03:55,ok
www.veoh.com,04-10-2013,01:03:56,ok
www.vh1.com,04-10-2013,01:03:58,ok
www.videobb.com,04-10-2013,01:03:59,ok
www.videobox.com,04-10-2013,01:03:59,ok
www.videopress.com,04-10-2013,01:04:00,ok
www.viki.com,04-10-2013,01:04:01,ok
www.vimeo.com,04-10-2013,01:04:03,ok
www.vivo.com.br,04-10-2013,01:04:05,ok
www.vmoptions.com,04-10-2013,01:06:18,ok
www.voila.fr,04-10-2013,01:06:19,ok
www.vol777.com,04-10-2013,01:06:19,ok
www.voyage-prive.com,04-10-2013,01:06:19,ok
www.vozforums.com,04-10-2013,01:06:22,ok
www.vsa.com.cn,04-10-2013,01:06:24,ok
www.vsnl.net.in,04-10-2013,01:06:26,ok
www.wahas.com,04-10-2013,01:06:26,ok
www.walkernews.net,04-10-2013,01:06:28,ok
www.wanktube.com,04-10-2013,01:06:29,ok
www.washingtonpost.com,04-10-2013,01:06:30,ok
www.watanabepro.co.jp,04-10-2013,01:06:31,ok
www.watchmygf.net,04-10-2013,01:06:32,ok
www.wearehairy.com,04-10-2013,01:06:32,ok
www.webcams.com,04-10-2013,01:06:34,ok
www.web-directories.ws,04-10-2013,01:06:33,ok
www.webgame188.com,04-10-2013,01:06:38,ok
www.webhostingtalk.com,04-10-2013,01:06:39,ok
www.webhostingtalk.nl,04-10-2013,01:06:39,ok
www.webinknow.com,04-10-2013,01:06:43,ok
www.weble.org,04-10-2013,01:06:47,ok
www.webshots.com,04-10-2013,01:06:47,ok
www.websitegrader.com,04-10-2013,01:06:48,ok
www.wenxuecity.com,04-10-2013,01:08:50,ok
www.wer-weiss-was.de,04-10-2013,01:08:50,ok
www.whatreallyhappened.com,04-10-2013,01:08:51,ok
www.which.co.uk,04-10-2013,01:08:52,ok
www.whitehouse.gov,04-10-2013,01:08:52,ok
www.wikileaks.ch,04-10-2013,01:08:52,ok
www.wikimapia.org,04-10-2013,01:08:53,ok
www.wikipedia.com,04-10-2013,01:08:53,ok
www.wikipedia.org,04-10-2013,01:08:53,ok
www.willhaben.at,04-10-2013,01:08:55,ok
www.wizaz.pl,04-10-2013,01:08:55,ok
www.wn.com,04-10-2013,01:08:56,ok
www.woopie.jp,04-10-2013,01:08:58,ok
www.wordpress.com,04-10-2013,01:08:58,ok
www.wordpress.org,04-10-2013,01:08:59,ok
www.wow-europe.com,04-10-2013,01:08:59,ok
www.wpmudev.org,04-10-2013,01:09:02,ok
www.wretch.cc,04-10-2013,01:09:04,ok
www.writetoreply.org,04-10-2013,01:09:05,ok
www.wroclaw.pl,04-10-2013,01:09:05,ok
www.wrzuta.pl,04-10-2013,01:09:06,ok
www.wsj.com,04-10-2013,01:09:07,ok
www.wyunion.com,04-10-2013,01:09:09,ok
www.xdowns.com,04-10-2013,01:09:11,ok
www.xhamster.com,04-10-2013,01:09:11,ok
www.xiazaiba.com,04-10-2013,01:09:15,ok
www.xjtu.edu.cn,04-10-2013,01:09:18,ok
www.xl.pt,04-10-2013,01:09:18,ok
www.xmatch.com,04-10-2013,01:09:21,ok
www.xnxx.com,04-10-2013,01:09:21,ok
www.xrea.jp,04-10-2013,01:09:22,ok
www.xtlbb.com,04-10-2013,01:09:22,ok
www.xtremetop100.com,04-10-2013,01:09:23,ok
www.xvideos.com,04-10-2013,01:09:23,ok
www.xvideoslive.com,04-10-2013,01:09:25,ok
www.yad2.co.il,04-10-2013,01:09:25,ok
www.yahoo.co.jp,04-10-2013,01:09:27,ok
www.yahoo.com,04-10-2013,01:09:28,ok
www.yallakora.com,04-10-2013,01:09:30,ok
www.yelp.com,04-10-2013,01:09:32,ok
www.yeri.be,04-10-2013,01:09:33,ok
www.yeritiete.be,04-10-2013,01:09:35,ok
www.yfrog.com,04-10-2013,01:09:35,ok
www.yidio.com,04-10-2013,01:09:37,ok
www.yieldmanager.com,04-10-2013,01:09:38,ok
www.yiqifa.com,04-10-2013,01:09:39,ok
www.yiqiwin.com,04-10-2013,01:09:40,ok
www.yomiuri.co.jp,04-10-2013,01:09:41,ok
www.youboy.com,04-10-2013,01:09:44,ok
www.youporn.com,04-10-2013,01:09:44,ok
www.youporngay.com,04-10-2013,01:09:44,ok
www.yourrewardinside.com,04-10-2013,01:09:45,ok
www.youtube.com,04-10-2013,01:09:45,ok
www.yuvutu.com,04-10-2013,01:09:46,ok
www.yx007.com,04-10-2013,01:09:51,ok
www.za.net,04-10-2013,01:09:51,ok
www.zaobao.com,04-10-2013,01:09:52,ok
www.zhongsou.net,04-10-2013,01:09:56,ok
www.zorpia.com,04-10-2013,01:09:56,ok
www.zp.ua,04-10-2013,01:09:57,ok
www.zto.cn,04-10-2013,01:09:58,ok
yeri.tiete.be,04-10-2013,01:10:00,ok
