api.irail.be,04-09-2011,03:30:07,ok
api.twitter.com,04-09-2011,03:30:08,ok
belaws.irail.be,04-09-2011,03:30:08,ok
blog.irail.be,04-09-2011,03:30:08,ok
blog.tuinslak.org,04-09-2011,03:30:08,ok
blog.twitter.com,04-09-2011,03:30:09,ok
blog.zztopping.com,04-09-2011,03:30:09,nok
bmiwiki.cchmc.org,04-09-2011,03:30:11,ok
boards.4chan.org,04-09-2011,03:30:14,ok
boxun.shuoyi.com,04-09-2011,03:30:17,ok
chrome.google.com,04-09-2011,03:30:17,ok
code.google.com,04-09-2011,03:30:17,ok
de.wikipedia.org,04-09-2011,03:30:18,ok
en.rsf.org,04-09-2011,03:30:18,ok
en.wikipedia.org,04-09-2011,03:30:18,ok
english.aljazeera.net,04-09-2011,03:30:19,ok
four.rootspirit.com,04-09-2011,03:30:19,ok
fr.rsf.org,04-09-2011,03:30:19,ok
fr.wikipedia.org,04-09-2011,03:30:19,ok
i1.ytimg.com,04-09-2011,03:30:19,nok
i2.ytimg.com,04-09-2011,03:30:19,nok
i3.ytimg.com,04-09-2011,03:30:19,nok
i4.ytimg.com,04-09-2011,03:30:19,nok
irc.netsplit.de,04-09-2011,03:30:20,ok
listen.grooveshark.com,04-09-2011,03:30:22,ok
lists.debian.org,04-09-2011,03:30:22,ok
lists.rootspirit.com,04-09-2011,03:30:22,ok
liveboards.irail.be,04-09-2011,03:30:22,ok
mail.google.com,04-09-2011,03:30:22,ok
maps.google.com,04-09-2011,03:30:23,ok
maps.irail.be,04-09-2011,03:30:23,ok
market.android.com,04-09-2011,03:30:23,ok
nerdnotes.org,04-09-2011,03:30:25,ok
news.google.com,04-09-2011,03:30:25,ok
nl.wikipedia.org,04-09-2011,03:30:25,ok
one.rootspirit.com,04-09-2011,03:30:25,ok
online.wsj.com,04-09-2011,03:30:26,ok
picasaweb.google.com,04-09-2011,03:30:26,ok
plus.google.com,04-09-2011,03:30:27,ok
project.irail.be,04-09-2011,03:30:27,ok
prowl.weks.net,04-09-2011,03:30:28,ok
s.ytimg.com,04-09-2011,03:30:28,nok
safebrowsing-cache.google.com,04-09-2011,03:30:28,ok
scribe.twitter.com,04-09-2011,03:30:29,ok
search.twitter.com,04-09-2011,03:30:30,ok
sites.google.com,04-09-2011,03:30:30,ok
social.implu.com,04-09-2011,03:30:30,nok
source.android.com,04-09-2011,03:30:30,ok
static.0x04.com,04-09-2011,03:30:31,ok
store.apple.com,04-09-2011,03:30:32,ok
sunsite.ualberta.ca,04-09-2011,03:30:32,ok
tech.karbassi.com,04-09-2011,03:30:33,ok
tipstricks.itmatrix.eu,04-09-2011,03:30:33,ok
tw.yahoo.com,04-09-2011,03:30:36,ok
uk.reuters.com,04-09-2011,03:30:36,ok
vm1.rootspirit.com,04-09-2011,03:30:36,ok
vpn.miiatech.com,04-09-2011,03:30:36,ok
webcache.googleusercontent.com,04-09-2011,03:30:36,ok
wiki.answers.com,04-09-2011,03:30:37,ok
wikileaks.0x04.com,04-09-2011,03:30:38,ok
www.007swz.com,04-09-2011,03:30:41,ok
www.0101.co.jp,04-09-2011,03:30:43,ok
www.0x04.com,04-09-2011,03:30:43,ok
www.0x20.be,04-09-2011,03:30:44,ok
www.1000.tv,04-09-2011,03:30:46,ok
www.104.com.tw,04-09-2011,03:30:49,ok
www.10musume.com,04-09-2011,03:30:50,ok
www.10neen.com,04-09-2011,03:30:51,ok
www.12306.cn,04-09-2011,03:30:53,ok
www.123rf.com,04-09-2011,03:30:56,ok
www.126.net,04-09-2011,03:31:03,ok
www.163.com,04-09-2011,03:31:07,ok
www.17iw.com,04-09-2011,03:31:08,nok
www.198game.net,04-09-2011,03:31:09,ok
www.1hai.cn,04-09-2011,03:31:12,ok
www.1pondo.tv,04-09-2011,03:31:13,ok
www.27xz.com,04-09-2011,03:31:16,ok
www.2a.com,04-09-2011,03:33:13,ok
www.2chan.net,04-09-2011,03:33:14,ok
www.2shared.com,04-09-2011,03:33:15,ok
www.2vlady.com,04-09-2011,03:33:17,ok
www.3322.org,04-09-2011,03:33:23,nok
www.4chan.org,04-09-2011,03:33:24,ok
www.4gamer.net,04-09-2011,03:33:26,ok
www.4shared.com,04-09-2011,03:33:27,ok
www.519tl.com,04-09-2011,03:33:30,ok
www.51e78.com,04-09-2011,03:33:33,nok
www.51yes.com,04-09-2011,03:33:34,ok
www.5ilthy.com,04-09-2011,03:33:35,ok
www.6park.com,04-09-2011,03:33:36,ok
www.777rmb.com,04-09-2011,03:33:38,ok
www.7netshopping.jp,04-09-2011,03:33:39,ok
www.888.com,04-09-2011,03:33:40,ok
www.888promos.com,04-09-2011,03:33:40,ok
www.8teenxxx.com,04-09-2011,03:33:40,ok
www.9189.com,04-09-2011,03:33:42,ok
www.95559.com.cn,04-09-2011,03:33:44,ok
www.9lwan.com,04-09-2011,03:33:51,ok
www.a963.com,04-09-2011,03:33:53,ok
www.abc.com.py,04-09-2011,03:33:56,ok
www.abchina.com,04-09-2011,03:33:58,ok
www.about.com,04-09-2011,03:33:59,ok
www.aboutus.org,04-09-2011,03:34:00,ok
www.accountonline.com,04-09-2011,03:34:02,ok
www.addictinggames.com,04-09-2011,03:34:02,ok
www.adium.im,04-09-2011,03:34:02,ok
www.admin.ch,04-09-2011,03:34:03,ok
www.adobe.com,04-09-2011,03:34:03,ok
www.adsense.blogspot.com,04-09-2011,03:34:03,ok
www.adtechus.com,04-09-2011,03:34:04,ok
www.adultfriendfinder.com,04-09-2011,03:34:05,ok
www.adultgeek.net,04-09-2011,03:34:07,ok
www.adwords.blogspot.com,04-09-2011,03:34:08,ok
www.aemet.es,04-09-2011,03:34:08,ok
www.af.mil,04-09-2011,03:34:09,ok
www.affiliatefuture.co.uk,04-09-2011,03:34:10,ok
www.akinator.com,04-09-2011,03:34:10,ok
www.alabout.com,04-09-2011,03:34:10,ok
www.alivetorrents.com,04-09-2011,03:34:10,ok
www.aljazeera.net,04-09-2011,03:34:10,ok
www.alpha.gr,04-09-2011,03:34:11,ok
www.amakings.com,04-09-2011,03:34:12,ok
www.amateurboobtube.com,04-09-2011,03:34:13,ok
www.amateursexy.net,04-09-2011,03:34:13,ok
www.amazon.co.uk,04-09-2011,03:34:14,ok
www.amazon.com,04-09-2011,03:34:15,ok
www.amazon.de,04-09-2011,03:34:16,ok
www.amazon.fr,04-09-2011,03:34:16,ok
www.amazonaws.com,04-09-2011,03:34:17,ok
www.ameblo.jp,04-09-2011,03:34:20,ok
www.americantowns.com,04-09-2011,03:34:21,ok
www.amiami.jp,04-09-2011,03:34:28,ok
www.amnesty.org,04-09-2011,03:34:28,ok
www.android.com,04-09-2011,03:34:28,ok
www.animecrazy.net,04-09-2011,03:34:28,ok
www.answerbox.net,04-09-2011,03:34:31,ok
www.answers.com,04-09-2011,03:34:32,ok
www.ant.com,04-09-2011,03:34:33,ok
www.aol.com,04-09-2011,03:34:33,ok
www.aolcdn.com,04-09-2011,03:34:33,ok
www.aolnews.com,04-09-2011,03:34:35,ok
www.apetube.com,04-09-2011,03:34:35,ok
www.apinpai.com,04-09-2011,03:34:37,ok
www.appbrain.com,04-09-2011,03:34:38,ok
www.apple.com,04-09-2011,03:34:38,ok
www.appspot.com,04-09-2011,03:34:38,ok
www.archive.org,04-09-2011,03:34:39,ok
www.arena.ne.jp,04-09-2011,03:34:41,ok
www.army.mil,04-09-2011,03:34:42,ok
www.articleblast.com,04-09-2011,03:34:44,ok
www.asahi.com,04-09-2011,03:34:47,ok
www.ask.com,04-09-2011,03:34:47,ok
www.atpages.jp,04-09-2011,03:34:51,ok
www.atwiki.jp,04-09-2011,03:34:53,ok
www.avaaz.org,04-09-2011,03:34:53,ok
www.avg.com,04-09-2011,03:34:54,ok
www.avito.ru,04-09-2011,03:34:54,ok
www.axfc.net,04-09-2011,03:34:56,ok
www.aziani.com,04-09-2011,03:34:57,ok
www.ba.gov.br,04-09-2011,03:34:58,ok
www.babypink.to,04-09-2011,03:35:00,ok
www.badjojo.com,04-09-2011,03:35:00,ok
www.badongo.com,04-09-2011,03:35:01,ok
www.badoo.com,04-09-2011,03:35:01,nok
www.baidu.com,04-09-2011,03:35:04,ok
www.baidu.jp,04-09-2011,03:35:05,ok
www.bancochile.cl,04-09-2011,03:35:07,ok
www.bancoestado.cl,04-09-2011,03:35:08,ok
www.bancomer.com.mx,04-09-2011,03:35:10,ok
www.bancomercantil.com,04-09-2011,03:35:10,ok
www.banesco.com,04-09-2011,03:35:11,ok
www.bangbros.com,04-09-2011,03:35:12,ok
www.bangbros1.com,04-09-2011,03:35:12,ok
www.bankcomm.com,04-09-2011,03:35:13,ok
www.bankmandiri.co.id,04-09-2011,03:35:29,ok
www.bankpasargad.com,04-09-2011,03:35:35,ok
www.banquepopulaire.fr,04-09-2011,03:35:36,ok
www.bbc.co.uk,04-09-2011,03:35:36,ok
www.beanfun.com,04-09-2011,03:35:37,ok
www.bebo.com,04-09-2011,03:35:38,ok
www.belgiumpoker.net,04-09-2011,03:35:38,ok
www.beslist.nl,04-09-2011,03:35:39,ok
www.bet365.com,04-09-2011,03:35:39,ok
www.betfair.com,04-09-2011,03:35:39,ok
www.bigtits.com,04-09-2011,03:35:40,ok
www.bild.de,04-09-2011,03:35:40,ok
www.bing.com,04-09-2011,03:35:40,ok
www.bit.ly,04-09-2011,03:35:42,ok
www.bitsnoop.com,04-09-2011,03:35:42,ok
www.bittorrentfiles.org,04-09-2011,03:35:43,ok
www.blackhatworld.com,04-09-2011,03:35:44,ok
www.blinkogold.ru,04-09-2011,03:35:44,ok
www.blinkx.com,04-09-2011,03:35:46,ok
www.blip.tv,04-09-2011,03:35:47,ok
www.blog.de,04-09-2011,03:35:47,ok
www.blogcatalog.com,04-09-2011,03:35:50,ok
www.blogcdn.com,04-09-2011,03:35:51,ok
www.blogdelnarco.com,04-09-2011,03:35:51,ok
www.blogger.com,04-09-2011,03:35:52,ok
www.bloggerei.de,04-09-2011,03:35:53,ok
www.blogimg.jp,04-09-2011,03:35:54,ok
www.bloglines.com,04-09-2011,03:35:55,ok
www.bloglovin.com,04-09-2011,03:35:56,ok
www.blogspirit.com,04-09-2011,03:35:56,ok
www.blogspot.com,04-09-2011,03:35:56,ok
www.bloguez.com,04-09-2011,03:35:56,ok
www.bloomberg.com,04-09-2011,03:35:59,ok
www.bmi.ir,04-09-2011,03:36:01,ok
www.boardofinnovation.com,04-09-2011,03:36:02,ok
www.boardreader.com,04-09-2011,03:36:03,ok
www.boc.cn,04-09-2011,03:36:10,ok
www.bochk.com,04-09-2011,03:36:11,ok
www.bodog.com,04-09-2011,03:36:12,ok
www.bohelady.com,04-09-2011,03:36:18,ok
www.bokecc.com,04-09-2011,03:36:20,ok
www.bom.gov.au,04-09-2011,03:36:23,ok
www.bookryanair.com,04-09-2011,03:36:23,ok
www.books.com.tw,04-09-2011,03:36:26,ok
www.borders.com,04-09-2011,03:36:26,ok
www.bplaced.net,04-09-2011,03:36:28,ok
www.bravenet.com,04-09-2011,03:36:29,ok
www.break.com,04-09-2011,03:36:30,ok
www.brightkite.com,04-09-2011,03:36:31,ok
www.bukisa.com,04-09-2011,03:36:32,ok
www.bulbagarden.net,04-09-2011,03:36:32,ok
www.burnews.com,04-09-2011,03:36:32,ok
www.businessmodelinnovatie.be,04-09-2011,03:36:33,ok
www.cacaoweb.org,04-09-2011,03:36:34,ok
www.cafepress.com,04-09-2011,03:36:34,ok
www.calciomercato.com,04-09-2011,03:36:35,ok
www.cam.ac.uk,04-09-2011,03:36:35,ok
www.cam4.com,04-09-2011,03:36:35,ok
www.camfrog.com,04-09-2011,03:36:35,ok
www.cams.com,04-09-2011,03:36:37,ok
www.canvas.be,04-09-2011,03:36:37,ok
www.capital.gr,04-09-2011,03:36:37,ok
www.cari.com.my,04-09-2011,03:36:41,ok
www.caribbeancom.com,04-09-2011,03:36:41,ok
www.carros.com.br,04-09-2011,03:36:43,ok
www.carsales.com.au,04-09-2011,03:36:50,ok
www.carwale.com,04-09-2011,03:36:52,ok
www.casadellibro.com,04-09-2011,03:36:53,ok
www.casino.com,04-09-2011,03:37:08,ok
www.casinocity.com,04-09-2011,03:37:08,ok
www.castorama.fr,04-09-2011,03:37:09,ok
www.ccb.com,04-09-2011,03:37:10,ok
www.ccb.com.cn,04-09-2011,03:37:11,ok
www.cebbank.com,04-09-2011,03:37:14,ok
www.cecile.co.jp,04-09-2011,03:37:15,ok
www.census.gov,04-09-2011,03:37:16,ok
www.centrum.cz,04-09-2011,03:37:16,ok
www.cheggit.nl,04-09-2011,03:37:17,ok
www.chevrolet.com.cn,04-09-2011,03:37:19,ok
www.chilehardware.cl,04-09-2011,03:37:20,ok
www.china.org.cn,04-09-2011,03:37:22,ok
www.chinaih.com,04-09-2011,03:37:23,nok
www.chinamobile.com,04-09-2011,03:37:26,ok
www.chinapay.com,04-09-2011,03:37:29,ok
www.chinarank.org.cn,04-09-2011,03:37:33,ok
www.chinatimes.com,04-09-2011,03:37:35,ok
www.chizumaru.com,04-09-2011,03:37:37,ok
www.chrispederick.com,04-09-2011,03:37:37,ok
www.chromium.org,04-09-2011,03:37:38,ok
www.chunichi.co.jp,04-09-2011,03:37:41,ok
www.cib.com.cn,04-09-2011,03:37:45,ok
www.cinema3satu.blogspot.com,04-09-2011,03:37:45,nok
www.cisco.com,04-09-2011,03:37:45,ok
www.citrix.com,04-09-2011,03:37:47,ok
www.ck101.com,04-09-2011,03:37:48,ok
www.cl.ly,04-09-2011,03:37:49,ok
www.classmates.com,04-09-2011,03:37:50,ok
www.clientsfromhell.net,04-09-2011,03:37:51,ok
www.clipfish.de,04-09-2011,03:37:51,ok
www.cliphunter.com,04-09-2011,03:37:51,ok
www.cloudflare.com,04-09-2011,03:37:53,ok
www.clubedohardware.com.br,04-09-2011,03:37:57,ok
www.cmbc.com.cn,04-09-2011,03:38:00,ok
www.cmbchina.com,04-09-2011,03:38:03,ok
www.cncmax.cn,04-09-2011,03:38:06,ok
www.cnet.com,04-09-2011,03:38:07,ok
www.cnn.com,04-09-2011,03:38:08,ok
www.cnsuning.com,04-09-2011,03:38:10,ok
www.cnzz.cn,04-09-2011,03:38:13,ok
www.coches.net,04-09-2011,03:38:14,ok
www.cocolog-nifty.com,04-09-2011,03:38:16,ok
www.coderwall.com,04-09-2011,03:38:17,ok
www.colbertnation.com,04-09-2011,03:38:18,ok
www.collegeconfidential.com,04-09-2011,03:38:19,ok
www.collegehumor.com,04-09-2011,03:38:21,ok
www.color.com,04-09-2011,03:38:21,ok
www.com.kz,04-09-2011,03:38:25,ok
www.comedycentral.com,04-09-2011,03:38:25,ok
www.companieshouse.gov.uk,04-09-2011,03:38:25,ok
www.cool.ne.jp,04-09-2011,03:38:27,ok
www.corporate-ir.net,04-09-2011,03:38:27,ok
www.cotweet.com,04-09-2011,03:38:29,ok
www.couponcabin.com,04-09-2011,03:38:30,ok
www.craigslist.org,04-09-2011,03:38:32,ok
www.creaders.net,04-09-2011,03:38:33,ok
www.criteo.com,04-09-2011,03:38:34,ok
www.crunchbanglinux.org,04-09-2011,03:38:35,ok
www.crutchfield.com,04-09-2011,03:38:36,ok
www.cs.com.cn,04-09-2011,03:38:40,ok
www.csnstores.com,04-09-2011,03:38:41,ok
www.ct10000.com,04-09-2011,03:38:45,ok
www.cz.cc,04-09-2011,03:38:45,ok
www.dagospia.com,04-09-2011,03:38:45,ok
www.dailymail.co.uk,04-09-2011,03:38:45,ok
www.dailymotion.com,04-09-2011,03:38:46,ok
www.daisycon.com,04-09-2011,03:38:46,ok
www.dal.net,04-09-2011,03:38:47,ok
www.dancingbear.com,04-09-2011,03:38:47,ok
www.darkmyst.org,04-09-2011,03:38:47,ok
www.darkstormguild.com,04-09-2011,03:38:47,ok
www.dba.dk,04-09-2011,03:38:48,ok
www.debian-multimedia.org,04-09-2011,03:38:48,ok
www.debian.org,04-09-2011,03:38:48,ok
www.decoo.jp,04-09-2011,03:38:50,ok
www.delicious.com,04-09-2011,03:38:51,ok
www.democracy.com,04-09-2011,03:38:51,ok
www.designerterminal.com,04-09-2011,03:38:52,ok
www.deviantart.com,04-09-2011,03:38:54,ok
www.dh005.com,04-09-2011,03:38:55,nok
www.dhc.co.jp,04-09-2011,03:38:57,ok
www.dhs.gov,04-09-2011,03:38:57,ok
www.digg.com,04-09-2011,03:38:59,ok
www.diguo180.com,04-09-2011,03:39:04,ok
www.diigo.com,04-09-2011,03:39:04,ok
www.dion.ne.jp,04-09-2011,03:39:06,ok
www.dipity.com,04-09-2011,03:39:06,ok
www.dirty.ru,04-09-2011,03:39:07,ok
www.discuss.com.hk,04-09-2011,03:39:11,ok
www.disqus.com,04-09-2011,03:39:12,ok
www.dlsite.com,04-09-2011,03:39:13,ok
www.dnbnor.no,04-09-2011,03:39:14,ok
www.doityourself.com,04-09-2011,03:39:15,ok
www.dom2.ru,04-09-2011,03:39:16,ok
www.donedeal.ie,04-09-2011,03:39:16,ok
www.dospy.com,04-09-2011,03:39:20,ok
www.doujin-games88.blogspot.com,04-09-2011,03:39:20,nok
www.downforeveryoneorjustme.com,04-09-2011,03:39:21,ok
www.download.com,04-09-2011,03:39:22,ok
www.downxia.com,04-09-2011,03:39:25,ok
www.dropbox.com,04-09-2011,03:39:26,ok
www.drtuber.com,04-09-2011,03:39:26,ok
www.dti.ne.jp,04-09-2011,03:39:29,ok
www.dtiblog.com,04-09-2011,03:39:30,ok
www.dtiserv2.com,04-09-2011,03:39:31,ok
www.duga.jp,04-09-2011,03:39:33,ok
www.dumpert.nl,04-09-2011,03:39:33,ok
www.dw-world.de,04-09-2011,03:39:33,ok
www.dxlive.com,04-09-2011,03:39:34,ok
www.dy2018.net,04-09-2011,03:39:38,nok
www.dygod.net,04-09-2011,03:39:45,ok
www.dyndns.com,04-09-2011,03:39:46,ok
www.e-travel.com,04-09-2011,03:39:46,ok
www.e2ma.net,04-09-2011,03:39:48,ok
www.ea.com,04-09-2011,03:39:49,ok
www.ebay.com,04-09-2011,03:39:50,ok
www.ebookbrowse.com,04-09-2011,03:39:51,ok
www.ed.ac.uk,04-09-2011,03:39:52,ok
www.edublogs.org,04-09-2011,03:39:53,ok
www.een.be,04-09-2011,03:39:54,ok
www.eff.org,04-09-2011,03:39:55,ok
www.efnet.org,04-09-2011,03:39:56,ok
www.egooad.com,04-09-2011,03:39:59,ok
www.elmundodeportivo.es,04-09-2011,03:40:00,ok
www.elog-ch.com,04-09-2011,03:40:01,ok
www.empflix.com,04-09-2011,03:40:01,ok
www.engadget.com,04-09-2011,03:40:01,ok
www.epochtimes.com,04-09-2011,03:40:04,ok
www.europeancasinoassociation.org,04-09-2011,03:40:04,ok
www.eventful.com,04-09-2011,03:40:06,ok
www.evidus.com,04-09-2011,03:40:07,ok
www.exploader.net,04-09-2011,03:40:09,ok
www.extratorrent.com,04-09-2011,03:40:10,ok
www.extremetube.com,04-09-2011,03:40:10,ok
www.eyny.com,04-09-2011,03:40:10,ok
www.eztv.it,04-09-2011,03:40:11,ok
www.facebook.com,04-09-2011,03:40:11,ok
www.fahrinfo-berlin.de,04-09-2011,03:40:11,ok
www.fakku.net,04-09-2011,03:40:12,ok
www.fandango.com,04-09-2011,03:40:12,ok
www.fantong.com,04-09-2011,03:40:15,ok
www.fao.org,04-09-2011,03:40:15,ok
www.fastpic.ru,04-09-2011,03:40:15,ok
www.favotter.net,04-09-2011,03:40:18,ok
www.favstar.fm,04-09-2011,03:40:19,ok
www.fbcdn.net,04-09-2011,03:40:20,ok
www.fbi.gov,04-09-2011,03:40:20,ok
www.fc2.com,04-09-2011,03:40:21,ok
www.fda.gov,04-09-2011,03:40:22,ok
www.fedoraproject.org,04-09-2011,03:40:24,ok
www.femjoy.com,04-09-2011,03:40:25,ok
www.filesend.to,04-09-2011,03:40:26,ok
www.fileserve.com,04-09-2011,03:40:27,ok
www.filestube.com,04-09-2011,03:40:27,ok
www.filmstarts.de,04-09-2011,03:40:28,ok
www.flagfox.net,04-09-2011,03:40:29,ok
www.flashgames.it,04-09-2011,03:40:29,ok
www.flashwing.net,04-09-2011,03:40:32,ok
www.fleshbot.com,04-09-2011,03:40:32,ok
www.flickr.com,04-09-2011,03:40:33,ok
www.flipkart.com,04-09-2011,03:40:36,ok
www.flyaerlingus.com,04-09-2011,03:40:36,ok
www.flycell.com.br,04-09-2011,03:40:40,ok
www.fnismls.com,04-09-2011,03:40:41,ok
www.fooooo.com,04-09-2011,03:40:45,ok
www.forum.hr,04-09-2011,03:40:46,ok
www.fotocasa.es,04-09-2011,03:40:47,ok
www.foursquare.com,04-09-2011,03:40:47,ok
www.foxtab.com,04-09-2011,03:40:48,ok
www.freakshare.com,04-09-2011,03:40:48,ok
www.free.fr,04-09-2011,03:40:48,ok
www.freelotto.com,04-09-2011,03:40:49,ok
www.freenode.net,04-09-2011,03:40:50,ok
www.freepornofreeporn.com,04-09-2011,03:40:51,ok
www.freeridegames.com,04-09-2011,03:40:52,ok
www.freeservers.com,04-09-2011,03:40:53,ok
www.freetibet.org,04-09-2011,03:40:54,ok
www.freewebs.com,04-09-2011,03:40:54,ok
www.friendfeed-media.com,04-09-2011,03:40:55,ok
www.friendfeed.com,04-09-2011,03:40:56,ok
www.friendster.com,04-09-2011,03:40:57,ok
www.fruitmail.net,04-09-2011,03:40:59,ok
www.ftchinese.com,04-09-2011,03:41:00,ok
www.fujitv.co.jp,04-09-2011,03:41:03,ok
www.fulltiltpoker.com,04-09-2011,03:41:04,ok
www.gad.de,04-09-2011,03:41:04,ok
www.galeon.com,04-09-2011,03:41:04,ok
www.gamebase.com.tw,04-09-2011,03:41:07,ok
www.gamer.com.tw,04-09-2011,03:41:10,ok
www.gamerp.jp,04-09-2011,03:41:10,ok
www.gametrailers.com,04-09-2011,03:41:11,ok
www.gameva.net,04-09-2011,03:41:12,nok
www.gather.com,04-09-2011,03:41:14,ok
www.gaytube.com,04-09-2011,03:41:15,ok
www.gazzetta.it,04-09-2011,03:41:15,ok
www.gc.ca,04-09-2011,03:41:15,ok
www.gdb.com.cn,04-09-2011,03:41:19,ok
www.geekonaute.fr,04-09-2011,03:41:21,ok
www.geenstijl.nl,04-09-2011,03:41:21,ok
www.generation-nt.com,04-09-2011,03:41:21,ok
www.gentoo.org,04-09-2011,03:41:21,ok
www.geocities.co.jp,04-09-2011,03:41:24,ok
www.geocities.jp,04-09-2011,03:41:26,ok
www.getiton.com,04-09-2011,03:41:28,ok
www.getminted.com,04-09-2011,03:41:28,ok
www.getuploader.com,04-09-2011,03:41:30,ok
www.gigporno.ru,04-09-2011,03:41:31,ok
www.github.com,04-09-2011,03:41:32,ok
www.gizmodo.com,04-09-2011,03:41:33,ok
www.gizmodo.jp,04-09-2011,03:41:35,ok
www.gmail.com,04-09-2011,03:41:36,ok
www.gmailblog.blogspot.com,04-09-2011,03:41:36,ok
www.gmx.de,04-09-2011,03:41:36,ok
www.gmx.net,04-09-2011,03:41:36,ok
www.gmxattachments.net,04-09-2011,03:41:36,ok
www.gnupg.org,04-09-2011,03:41:36,ok
www.go.com,04-09-2011,03:41:38,ok
www.go2cloud.org,04-09-2011,03:41:38,ok
www.gob.ve,04-09-2011,03:41:40,nok
www.gocsgo.com,04-09-2011,03:41:42,ok
www.godaddy.com,04-09-2011,03:41:44,ok
www.godgame.com.tw,04-09-2011,03:41:45,ok
www.goodreads.com,04-09-2011,03:41:46,ok
www.google.be,04-09-2011,03:41:46,ok
www.google.cn,04-09-2011,03:41:47,ok
www.google.co.in,04-09-2011,03:41:47,ok
www.google.co.jp,04-09-2011,03:41:47,ok
www.google.co.th,04-09-2011,03:41:47,ok
www.google.co.uk,04-09-2011,03:41:47,ok
www.google.com,04-09-2011,03:41:47,ok
www.google.com.au,04-09-2011,03:41:47,ok
www.google.com.hk,04-09-2011,03:41:47,ok
www.google.com.pk,04-09-2011,03:41:47,ok
www.google.com.sg,04-09-2011,03:41:47,ok
www.google.com.tr,04-09-2011,03:41:47,ok
www.google.de,04-09-2011,03:41:47,ok
www.google.fr,04-09-2011,03:41:47,ok
www.google.it,04-09-2011,03:41:47,ok
www.google.nl,04-09-2011,03:41:47,ok
www.googleadservices.com,04-09-2011,03:41:47,ok
www.googleartproject.com,04-09-2011,03:41:48,ok
www.googleblog.blogspot.com,04-09-2011,03:41:49,ok
www.googlesystem.blogspot.com,04-09-2011,03:41:50,ok
www.googlewebmastercentral.blogspot.com,04-09-2011,03:41:50,ok
www.gotgayporn.com,04-09-2011,03:41:51,ok
www.gougou.com,04-09-2011,03:41:53,ok
www.gov.on.ca,04-09-2011,03:41:54,ok
www.gowalla.com,04-09-2011,03:41:55,ok
www.gpoint.co.jp,04-09-2011,03:41:57,ok
www.gpotato.eu,04-09-2011,03:41:57,ok
www.gravatar.com,04-09-2011,03:41:58,ok
www.greatfirewallofchina.org,04-09-2011,03:41:58,ok
www.greedytorrent.com,04-09-2011,03:41:59,ok
www.grindtv.com,04-09-2011,03:42:00,ok
www.grooveshark.com,04-09-2011,03:42:02,ok
www.growl.info,04-09-2011,03:42:02,ok
www.grupobancolombia.com,04-09-2011,03:42:04,ok
www.gruposantander.es,04-09-2011,03:42:04,ok
www.guardian.co.uk,04-09-2011,03:42:05,ok
www.gutteruncensorednewsb.blogspot.com,04-09-2011,03:42:05,nok
www.gva.be,04-09-2011,03:42:05,ok
www.gyyx.cn,04-09-2011,03:42:09,ok
www.hackforums.net,04-09-2011,03:42:10,ok
www.halifax-online.co.uk,04-09-2011,03:42:10,ok
www.hao722.cn,04-09-2011,03:42:14,nok
www.harborfreight.com,04-09-2011,03:42:14,ok
www.hattrick.org,04-09-2011,03:42:14,ok
www.hbs.edu,04-09-2011,03:42:15,ok
www.hbvl.be,04-09-2011,03:42:15,ok
www.hd-torrents.org,04-09-2011,03:42:15,ok
www.hdouga.com,04-09-2011,03:42:17,ok
www.hgtv.com,04-09-2011,03:42:17,ok
www.hi-ho.ne.jp,04-09-2011,03:42:18,ok
www.hi5.com,04-09-2011,03:42:20,ok
www.hidemyass.com,04-09-2011,03:42:22,ok
www.hinet.net,04-09-2011,03:42:23,ok
www.hip2save.com,04-09-2011,03:42:24,ok
www.hkgolden.com,04-09-2011,03:42:56,ok
www.hkjc.com,04-09-2011,03:42:59,ok
www.hkreporter.com,04-09-2011,03:43:04,ok
www.hmrc.gov.uk,04-09-2011,03:43:04,ok
www.home.ne.jp,04-09-2011,03:43:07,ok
www.honda.co.jp,04-09-2011,03:43:08,ok
www.hootsuite.com,04-09-2011,03:43:09,ok
www.hotfile.com,04-09-2011,03:43:10,ok
www.hotfile123.com,04-09-2011,03:43:11,ok
www.hotmail.com,04-09-2011,03:43:12,ok
www.hp.com,04-09-2011,03:43:13,ok
www.huffingtonpost.com,04-09-2011,03:43:13,ok
www.hulu.com,04-09-2011,03:43:13,ok
www.hyves.nl,04-09-2011,03:43:14,ok
www.i-like-movie.com,04-09-2011,03:43:14,ok
www.i-part.com.tw,04-09-2011,03:43:16,ok
www.ibibo.com,04-09-2011,03:43:17,ok
www.ibm.com,04-09-2011,03:43:18,ok
www.icbc.com.cn,04-09-2011,03:43:21,ok
www.icisleri.gov.tr,04-09-2011,03:43:22,ok
www.identi.ca,04-09-2011,03:43:29,ok
www.idlebox.net,04-09-2011,03:43:29,ok
www.ign.com,04-09-2011,03:43:30,ok
www.ignou.ac.in,04-09-2011,03:43:33,ok
www.ilmessaggero.it,04-09-2011,03:43:33,ok
www.imagerise.com,04-09-2011,03:43:34,ok
www.imageshack.us,04-09-2011,03:43:35,ok
www.imagevenue.com,04-09-2011,03:43:35,ok
www.imdb.com,04-09-2011,03:43:36,ok
www.imgur.com,04-09-2011,03:43:36,ok
www.indiatimes.com,04-09-2011,03:43:37,ok
www.infojobs.com.br,04-09-2011,03:43:37,ok
www.inhetnieuws.nl,04-09-2011,03:43:40,ok
www.inps.it,04-09-2011,03:43:40,ok
www.instagr.am,04-09-2011,03:43:40,ok
www.instagram.com,04-09-2011,03:45:41,nok
www.irail.be,04-09-2011,03:45:41,ok
www.irail.nl,04-09-2011,03:45:42,ok
www.ircnet.org,04-09-2011,03:45:42,ok
www.irs.gov,04-09-2011,03:45:42,ok
www.isohunt.com,04-09-2011,03:45:43,ok
www.itmedia.co.jp,04-09-2011,03:45:46,ok
www.itprofessional.be,04-09-2011,03:45:46,ok
www.its-mo.com,04-09-2011,03:45:48,ok
www.iza.ne.jp,04-09-2011,03:45:51,ok
www.izlesene.com,04-09-2011,03:45:52,ok
www.jabber.org,04-09-2011,03:45:53,ok
www.jalopnik.com,04-09-2011,03:45:54,ok
www.japannetbank.co.jp,04-09-2011,03:45:56,ok
www.japantimes.co.jp,04-09-2011,03:45:58,ok
www.jfdaily.com,04-09-2011,03:46:01,ok
www.jinzhao99.com,04-09-2011,03:46:02,ok
www.jitbit.com,04-09-2011,03:46:03,ok
www.jma.go.jp,04-09-2011,03:46:04,ok
www.jobrapido.de,04-09-2011,03:46:05,ok
www.johnnys-net.jp,04-09-2011,03:46:06,ok
www.joindiaspora.com,04-09-2011,03:46:07,ok
www.joomlaworks.gr,04-09-2011,03:46:07,ok
www.joomlaxtc.com,04-09-2011,03:46:08,ok
www.jr-odekake.net,04-09-2011,03:46:10,ok
www.jra.go.jp,04-09-2011,03:46:12,ok
www.jreast.co.jp,04-09-2011,03:46:13,ok
www.jumptags.com,04-09-2011,03:46:13,ok
www.justunfollow.com,04-09-2011,03:46:14,ok
www.jz123.com,04-09-2011,03:46:19,ok
www.kajabi.com,04-09-2011,03:46:20,ok
www.kathimerini.gr,04-09-2011,03:46:21,ok
www.kddi.com,04-09-2011,03:46:23,ok
www.keezmovies.com,04-09-2011,03:46:23,ok
www.keio.ac.jp,04-09-2011,03:46:24,ok
www.kendincos.net,04-09-2011,03:46:25,ok
www.kickasstorrents.com,04-09-2011,03:46:26,ok
www.kinghost.com,04-09-2011,03:46:26,ok
www.kino.de,04-09-2011,03:46:27,ok
www.kir.jp,04-09-2011,03:46:29,ok
www.kkgame.cn,04-09-2011,03:46:31,ok
www.klikbca.com,04-09-2011,03:46:34,ok
www.klout.com,04-09-2011,03:46:35,ok
www.kuronekoyamato.co.jp,04-09-2011,03:46:37,ok
www.labnol.blogspot.com,04-09-2011,03:46:37,ok
www.ladbrokes.com,04-09-2011,03:46:38,ok
www.lalulalu.com,04-09-2011,03:46:40,ok
www.launches.net,04-09-2011,03:46:41,ok
www.ldblog.jp,04-09-2011,03:46:43,ok
www.lemonde.fr,04-09-2011,03:46:43,ok
www.lexilogos.com,04-09-2011,03:46:43,ok
www.libyafeb17.com,04-09-2011,03:46:44,ok
www.lifehacker.com,04-09-2011,03:46:44,ok
www.limetorrents.com,04-09-2011,03:46:45,ok
www.linkedin.com,04-09-2011,03:46:45,ok
www.linkhelper.cn,04-09-2011,03:46:49,ok
www.linux.com,04-09-2011,03:46:50,ok
www.linuxquestions.org,04-09-2011,03:46:51,ok
www.liputan6.com,04-09-2011,03:46:54,ok
www.live.com,04-09-2011,03:46:55,ok
www.livejasmin.com,04-09-2011,03:46:55,ok
www.livejournal.com,04-09-2011,03:46:56,ok
www.liveperson.net,04-09-2011,03:46:57,ok
www.livestation.com,04-09-2011,03:46:58,ok
www.livestream.com,04-09-2011,03:46:58,ok
www.livevideo.com,04-09-2011,03:47:50,ok
www.lloydstsb.co.uk,04-09-2011,03:47:53,ok
www.loadays.org,04-09-2011,03:47:53,ok
www.lockerz.com,04-09-2011,03:47:54,ok
www.logmein.com,04-09-2011,03:47:54,ok
www.lulzimg.com,04-09-2011,03:47:54,ok
www.lulzsecurity.com,04-09-2011,03:47:55,ok
www.lustyguide.com,04-09-2011,03:47:56,ok
www.lxde.org,04-09-2011,03:47:57,ok
www.macnews.de,04-09-2011,03:47:57,ok
www.mademan.com,04-09-2011,03:47:58,ok
www.madrid.org,04-09-2011,03:47:58,ok
www.mai-net.net,04-09-2011,03:47:59,ok
www.mail-archive.com,04-09-2011,03:48:00,ok
www.mail.ru,04-09-2011,03:48:00,ok
www.marieclairechina.com,04-09-2011,03:48:04,ok
www.mashable.com,04-09-2011,03:48:05,ok
www.maybank2u.com.my,04-09-2011,03:48:07,ok
www.mcdonalds.co.jp,04-09-2011,03:48:08,ok
www.mcgill.ca,04-09-2011,03:48:09,ok
www.meb.gov.tr,04-09-2011,03:48:09,ok
www.mec.es,04-09-2011,03:48:09,ok
www.mec.gov.br,04-09-2011,03:48:10,ok
www.mediafire.com,04-09-2011,03:48:11,ok
www.mediaset.it,04-09-2011,03:48:11,ok
www.meetup.com,04-09-2011,03:48:12,ok
www.mefeedia.com,04-09-2011,03:48:13,ok
www.megaporn.com,04-09-2011,03:48:13,ok
www.megatv.com,04-09-2011,03:48:13,ok
www.megaupload.com,04-09-2011,03:48:14,ok
www.megavideo.com,04-09-2011,03:48:14,ok
www.metacafe.com,04-09-2011,03:48:15,ok
www.mhlw.go.jp,04-09-2011,03:48:16,ok
www.microsoft.com,04-09-2011,03:48:18,ok
www.microsofttranslator.com,04-09-2011,03:48:18,ok
www.mihanblog.com,04-09-2011,03:48:19,ok
www.miiatech.com,04-09-2011,03:48:20,ok
www.miibeian.gov.cn,04-09-2011,03:48:21,ok
www.miitbeian.gov.cn,04-09-2011,03:48:21,ok
www.minghui.org,04-09-2011,03:48:22,ok
www.mingpao.com,04-09-2011,03:48:25,ok
www.mitbbs.com,04-09-2011,03:48:27,ok
www.mixx.com,04-09-2011,03:48:28,ok
www.mizuhobank.co.jp,04-09-2011,03:48:30,ok
www.mlit.go.jp,04-09-2011,03:48:31,ok
www.mlxchange.com,04-09-2011,03:48:32,ok
www.mmaaxx.com,04-09-2011,03:48:33,ok
www.mobile01.com,04-09-2011,03:48:36,ok
www.mobypicture.com,04-09-2011,03:48:37,ok
www.modernizr.com,04-09-2011,03:48:37,ok
www.mohegunsun.com,04-09-2011,03:48:41,ok
www.momoshop.com.tw,04-09-2011,03:48:44,ok
www.moviegalleri.in,04-09-2011,03:48:44,ok
www.movies.com,04-09-2011,03:48:45,ok
www.mris.com,04-09-2011,03:48:46,ok
www.msn.com,04-09-2011,03:48:46,ok
www.mt-50.com,04-09-2011,03:50:48,nok
www.mtv.com,04-09-2011,03:50:50,ok
www.muare.vn,04-09-2011,03:50:54,ok
www.multiply.com,04-09-2011,03:50:56,ok
www.multiupload.com,04-09-2011,03:50:56,ok
www.mybrowserbar.com,04-09-2011,03:50:56,ok
www.mycom.co.jp,04-09-2011,03:50:57,ok
www.mylovewebs.cn,04-09-2011,03:50:57,nok
www.mymodernmet.com,04-09-2011,03:50:58,ok
www.myspace.com,04-09-2011,03:50:59,ok
www.myvideo.de,04-09-2011,03:50:59,ok
www.myyearbook.com,04-09-2011,03:51:00,ok
www.nakadashi.to,04-09-2011,03:51:01,ok
www.namipan.com,04-09-2011,03:51:02,ok
www.narod.ru,04-09-2011,03:51:03,ok
www.nasa.gov,04-09-2011,03:51:03,ok
www.nastyvideotube.com,04-09-2011,03:51:05,ok
www.navitime.co.jp,04-09-2011,03:51:07,ok
www.navy.mil,04-09-2011,03:51:07,ok
www.neopets.com,04-09-2011,03:51:08,ok
www.nerdnearby.com,04-09-2011,03:51:08,ok
www.netflix.com,04-09-2011,03:51:10,ok
www.netlog.be,04-09-2011,03:51:10,ok
www.netmile.co.jp,04-09-2011,03:51:12,ok
www.netsolhost.com,04-09-2011,03:51:13,ok
www.netteller.com,04-09-2011,03:51:14,ok
www.network54.com,04-09-2011,03:51:15,ok
www.networkedblogs.com,04-09-2011,03:51:15,ok
www.netzpolitik.org,04-09-2011,03:51:21,ok
www.news-postseven.com,04-09-2011,03:51:23,ok
www.nexon.co.jp,04-09-2011,03:51:25,ok
www.nfdaily.cn,04-09-2011,03:51:29,ok
www.nhk.or.jp,04-09-2011,03:51:32,ok
www.nick.com,04-09-2011,03:51:32,ok
www.nickdemey.be,04-09-2011,03:51:33,ok
www.nickjr.com,04-09-2011,03:51:33,ok
www.nicovideo.jp,04-09-2011,03:51:35,ok
www.nieuwsblad.be,04-09-2011,03:51:35,ok
www.nii.ac.jp,04-09-2011,03:51:39,ok
www.nikkansports.com,04-09-2011,03:51:40,ok
www.nikkei.co.jp,04-09-2011,03:51:44,ok
www.ning.com,04-09-2011,03:51:45,ok
www.nintendo.com,04-09-2011,03:51:45,ok
www.nocookie.net,04-09-2011,03:51:45,nok
www.nothingtoxic.com,04-09-2011,03:51:47,ok
www.noticias3d.com,04-09-2011,03:51:47,ok
www.nps.gov,04-09-2011,03:51:47,ok
www.nrk.no,04-09-2011,03:51:48,ok
www.nta.go.jp,04-09-2011,03:51:49,ok
www.nttdocomo.co.jp,04-09-2011,03:51:50,ok
www.ntu.edu.tw,04-09-2011,03:51:51,ok
www.ntv.co.jp,04-09-2011,03:51:53,ok
www.nytimes.com,04-09-2011,03:51:54,ok
www.occ.com.mx,04-09-2011,03:51:55,ok
www.ocn.ne.jp,04-09-2011,03:51:57,ok
www.ocxxx.com,04-09-2011,03:51:58,ok
www.ofertix.com,04-09-2011,03:51:58,ok
www.okaz.com.sa,04-09-2011,03:52:00,ok
www.onani-daisuki.com,04-09-2011,03:52:01,ok
www.onlae.es,04-09-2011,03:52:02,ok
www.online.sh.cn,04-09-2011,03:52:15,ok
www.onlinecasinoking.com,04-09-2011,03:52:15,ok
www.onlinecasinoplaygames.com,04-09-2011,03:52:15,ok
www.onlinecreditcenter6.com,04-09-2011,03:52:15,ok
www.open.ac.uk,04-09-2011,03:52:16,ok
www.opendemocracy.net,04-09-2011,03:52:16,ok
www.openpr.de,04-09-2011,03:52:16,ok
www.opensubtitles.net,04-09-2011,03:52:16,ok
www.opensuse.org,04-09-2011,03:52:17,ok
www.orange-hiyoko.blogspot.com,04-09-2011,03:52:19,ok
www.orbooks.com,04-09-2011,03:52:19,ok
www.oricon.co.jp,04-09-2011,03:52:21,ok
www.orkut.com,04-09-2011,03:52:22,ok
www.oursogo.com,04-09-2011,03:52:23,ok
www.overture.com,04-09-2011,03:52:25,ok
www.ow.ly,04-09-2011,03:52:25,nok
www.p-world.co.jp,04-09-2011,03:52:28,ok
www.p5w.net,04-09-2011,03:52:33,ok
www.pacificpoker.com,04-09-2011,03:52:33,ok
www.pacopacomama.com,04-09-2011,03:52:33,ok
www.pagerage.com,04-09-2011,03:52:34,ok
www.pagesperso-orange.fr,04-09-2011,03:52:35,ok
www.pandora.tv,04-09-2011,03:52:38,ok
www.pap.fr,04-09-2011,03:52:38,ok
www.paper.li,04-09-2011,03:52:39,ok
www.parentsconnect.com,04-09-2011,03:52:40,ok
www.partycasino.com,04-09-2011,03:52:40,ok
www.partypoker.com,04-09-2011,03:52:41,ok
www.partypoker.fr,04-09-2011,03:52:41,ok
www.passion.com,04-09-2011,03:52:42,ok
www.payamsara.com,04-09-2011,03:52:42,ok
www.paypal-shopping.com,04-09-2011,03:52:44,ok
www.paypal.be,04-09-2011,03:52:49,ok
www.paypal.com,04-09-2011,03:52:53,ok
www.pbworks.com,04-09-2011,03:52:54,ok
www.perfspot.com,04-09-2011,03:52:55,ok
www.photobucket.com,04-09-2011,03:52:56,ok
www.photosex.biz,04-09-2011,03:52:56,ok
www.php.su,04-09-2011,03:52:57,ok
www.phpnuke.ir,04-09-2011,03:52:59,ok
www.phpwind.com,04-09-2011,03:53:01,ok
www.pichunter.com,04-09-2011,03:53:02,ok
www.pimpandhost.com,04-09-2011,03:53:03,ok
www.ping.fm,04-09-2011,03:53:04,ok
www.pixnet.net,04-09-2011,03:53:06,ok
www.planet23.com,04-09-2011,03:53:07,ok
www.playboy.com,04-09-2011,03:53:08,ok
www.plurk.com,04-09-2011,03:53:09,ok
www.pocket-lint.com,04-09-2011,03:53:09,ok
www.poker.com,04-09-2011,03:53:10,ok
www.pokerclub.be,04-09-2011,03:53:10,ok
www.pokerlistings.com,04-09-2011,03:53:11,ok
www.pokernews.com,04-09-2011,03:53:12,ok
www.pokerstars.com,04-09-2011,03:53:12,ok
www.pontofrio.com.br,04-09-2011,03:53:13,ok
www.poppen.de,04-09-2011,03:53:13,ok
www.pornhub.com,04-09-2011,03:53:14,ok
www.pornoxo.com,04-09-2011,03:53:14,ok
www.porntube.com,04-09-2011,03:53:15,ok
www.pornvisit.com,04-09-2011,03:53:16,ok
www.posterous.com,04-09-2011,03:53:18,ok
www.prefetch.net,04-09-2011,03:53:18,ok
www.premierleague.com,04-09-2011,03:53:18,ok
www.privet.ru,04-09-2011,03:53:22,ok
www.productlaunchformula.com,04-09-2011,03:53:24,ok
www.programmingforums.org,04-09-2011,03:53:25,ok
www.ps3iso.com,04-09-2011,03:54:56,nok
www.psdisasters.com,04-09-2011,03:54:57,ok
www.publicidees.com,04-09-2011,03:54:57,ok
www.pudelek.pl,04-09-2011,03:54:57,ok
www.pussy.org,04-09-2011,03:54:58,ok
www.qeedoo.com,04-09-2011,03:55:05,ok
www.qibosoft.com,04-09-2011,03:55:08,ok
www.qq.com,04-09-2011,03:55:15,ok
www.qq937.com,04-09-2011,03:55:16,ok
www.qqnz.com,04-09-2011,03:55:18,nok
www.qqtn.com,04-09-2011,03:55:21,ok
www.quakenet.org,04-09-2011,03:55:23,ok
www.quora.com,04-09-2011,03:55:24,ok
www.qwerly.com,04-09-2011,03:55:24,ok
www.r1fclick.com,04-09-2011,03:55:24,ok
www.rackerhacker.com,04-09-2011,03:55:25,ok
www.radaris.com,04-09-2011,03:55:25,ok
www.rakuten-kc.co.jp,04-09-2011,03:55:29,ok
www.rakuten.com,04-09-2011,03:55:32,ok
www.rakuten.ne.jp,04-09-2011,03:55:33,ok
www.rapidshare.com,04-09-2011,03:55:33,ok
www.reddit.com,04-09-2011,03:55:34,ok
www.redhat.com,04-09-2011,03:55:34,ok
www.redtube.com,04-09-2011,03:55:35,ok
www.refactormycode.com,04-09-2011,03:55:36,ok
www.reference.com,04-09-2011,03:55:37,ok
www.replays.net,04-09-2011,03:55:40,ok
www.repubblica.it,04-09-2011,03:55:40,ok
www.republika.co.id,04-09-2011,03:55:43,ok
www.reuters.com,04-09-2011,03:55:44,ok
www.rfi.fr,04-09-2011,03:55:44,ok
www.rightmediaptc.com,04-09-2011,03:55:45,ok
www.rikunabi.com,04-09-2011,03:55:46,ok
www.rising.cn,04-09-2011,03:55:49,ok
www.rising.com.cn,04-09-2011,03:55:52,ok
www.rizon.net,04-09-2011,03:55:52,ok
www.robotstxt.org,04-09-2011,03:55:53,ok
www.rootspirit.com,04-09-2011,03:55:53,ok
www.rootspirit.info,04-09-2011,03:55:54,ok
www.rosettacode.org,04-09-2011,03:55:55,ok
www.rs-online.com,04-09-2011,03:55:55,ok
www.rsf-chinese.org,04-09-2011,03:55:55,ok
www.rt.com,04-09-2011,03:55:56,ok
www.rubias19.com,04-09-2011,03:55:56,ok
www.ruiidc.com,04-09-2011,03:55:58,ok
www.rutube.ru,04-09-2011,03:55:58,ok
www.sagawa-exp.co.jp,04-09-2011,03:56:00,ok
www.saic.gov.cn,04-09-2011,03:56:06,ok
www.saisoncard.co.jp,04-09-2011,03:56:07,ok
www.sandai.net,04-09-2011,03:56:16,ok
www.sanspo.com,04-09-2011,03:56:19,ok
www.savings.com,04-09-2011,03:56:19,ok
www.sbisec.co.jp,04-09-2011,03:56:22,ok
www.scbeasy.com,04-09-2011,03:56:24,ok
www.scribd.com,04-09-2011,03:56:25,ok
www.secure-softwaremanager.com,04-09-2011,03:56:26,ok
www.secureserver.net,04-09-2011,03:56:28,ok
www.seedit.com,04-09-2011,03:56:31,ok
www.seesmic.com,04-09-2011,03:56:32,ok
www.segundamano.com.mx,04-09-2011,03:56:33,ok
www.segye.com,04-09-2011,03:56:38,ok
www.seoul.co.kr,04-09-2011,03:56:42,ok
www.sep.gob.mx,04-09-2011,03:56:43,ok
www.serverfault.com,04-09-2011,03:56:44,ok
www.sevenload.com,04-09-2011,03:56:45,ok
www.sex141.com,04-09-2011,03:56:45,ok
www.sexandsubmission.com,04-09-2011,03:56:47,ok
www.sexbot.com,04-09-2011,03:56:47,ok
www.sexpixbox.com,04-09-2011,03:56:49,ok
www.sharp.co.jp,04-09-2011,03:56:50,ok
www.shejis.com,04-09-2011,03:57:06,ok
www.shendu.cc,04-09-2011,03:57:08,ok
www.shockwave.com,04-09-2011,03:57:10,ok
www.shopch.jp,04-09-2011,03:57:12,ok
www.shoptime.com.br,04-09-2011,03:57:13,ok
www.showtime.jp,04-09-2011,03:57:15,ok
www.shufoo.net,04-09-2011,03:57:16,ok
www.sina.com.cn,04-09-2011,03:57:18,ok
www.sinaapp.com,04-09-2011,03:57:23,ok
www.singaporepools.com.sg,04-09-2011,03:57:24,ok
www.singtaonet.com,04-09-2011,03:57:32,ok
www.sistrix.com,04-09-2011,03:57:33,ok
www.skyhookwireless.com,04-09-2011,03:57:34,ok
www.skype.com,04-09-2011,03:57:34,ok
www.slashdot.org,04-09-2011,03:57:36,ok
www.slideshare.com,04-09-2011,03:57:37,ok
www.smbc-card.com,04-09-2011,03:57:38,ok
www.smbc.co.jp,04-09-2011,03:57:40,ok
www.smf.is,04-09-2011,03:57:40,nok
www.smgbb.cn,04-09-2011,03:57:43,ok
www.snipt.net,04-09-2011,03:57:44,ok
www.sod.co.jp,04-09-2011,03:57:45,ok
www.softonic.it,04-09-2011,03:57:46,ok
www.softwaregeek.com,04-09-2011,03:57:47,ok
www.songkick.com,04-09-2011,03:57:48,ok
www.soundclick.com,04-09-2011,03:57:48,ok
www.soup.io,04-09-2011,03:57:49,ok
www.sourceforge.net,04-09-2011,03:57:50,ok
www.southparkstudios.com,04-09-2011,03:57:50,ok
www.sp.gov.br,04-09-2011,03:57:54,ok
www.spdb.com.cn,04-09-2011,03:57:56,ok
www.sphere.ws,04-09-2011,03:57:56,ok
www.spiegel.de,04-09-2011,03:57:56,ok
www.spike.com,04-09-2011,03:57:57,ok
www.sponichi.co.jp,04-09-2011,03:57:59,ok
www.sport-fm.gr,04-09-2011,03:57:59,ok
www.square-enix.co.jp,04-09-2011,03:58:00,ok
www.stackoverflow.com,04-09-2011,03:58:02,ok
www.standaard.be,04-09-2011,03:58:02,ok
www.stargames.at,04-09-2011,03:58:02,ok
www.startssl.com,04-09-2011,03:58:03,ok
www.state.nj.us,04-09-2011,03:58:03,ok
www.state.ny.us,04-09-2011,03:58:04,ok
www.state.tx.us,04-09-2011,03:58:07,ok
www.stern.de,04-09-2011,03:58:07,ok
www.stickam.com,04-09-2011,03:58:08,ok
www.stileproject.com,04-09-2011,03:58:08,ok
www.sto-express.com.cn,04-09-2011,03:58:15,ok
www.stockhouse.com,04-09-2011,03:58:17,ok
www.storify.com,04-09-2011,03:58:18,ok
www.stubru.be,04-09-2011,03:58:18,ok
www.stumbleupon.com,04-09-2011,03:58:19,ok
www.submityourflicks.com,04-09-2011,03:58:19,ok
www.submityourtapes.com,04-09-2011,03:58:20,ok
www.summify.com,04-09-2011,03:58:20,ok
www.suntory.co.jp,04-09-2011,03:58:22,ok
www.superuser.com,04-09-2011,03:58:23,ok
www.sweetnote.com,04-09-2011,03:58:25,ok
www.syd.com.cn,04-09-2011,03:58:29,ok
www.sytes.net,04-09-2011,03:58:30,ok
www.t.co,04-09-2011,03:58:30,ok
www.t35.com,04-09-2011,03:58:31,ok
www.tagged.com,04-09-2011,03:58:32,ok
www.taiwanlottery.com.tw,04-09-2011,03:58:33,ok
www.talktalk.co.uk,04-09-2011,03:58:36,ok
www.tanea.gr,04-09-2011,03:58:36,ok
www.taobao.com,04-09-2011,03:58:41,ok
www.tbs.co.jp,04-09-2011,03:58:43,ok
www.teambuy.com.cn,04-09-2011,03:58:51,ok
www.teamku.com,04-09-2011,03:58:53,ok
www.techcrunch.com,04-09-2011,03:58:54,ok
www.technorati.com,04-09-2011,03:58:56,ok
www.techonthenet.com,04-09-2011,03:58:57,ok
www.ted.com,04-09-2011,03:58:58,ok
www.teenburg.com,04-09-2011,03:58:58,ok
www.teenie-pics.com,04-09-2011,03:58:59,ok
www.teennick.com,04-09-2011,03:58:59,ok
www.tek-tips.com,04-09-2011,03:59:00,ok
www.tempalias.com,04-09-2011,03:59:00,ok
www.thedailyshow.com,04-09-2011,03:59:01,ok
www.thenextweb.com,04-09-2011,03:59:02,ok
www.theonion.com,04-09-2011,03:59:02,ok
www.thepiratebay.org,04-09-2011,03:59:02,ok
www.thesartorialist.blogspot.com,04-09-2011,03:59:02,ok
www.thesixtyone.com,04-09-2011,03:59:03,ok
www.thisav.com,04-09-2011,03:59:04,ok
www.thisis50.com,04-09-2011,03:59:06,ok
www.tibet.com,04-09-2011,03:59:08,ok
www.tibet.net,04-09-2011,03:59:10,ok
www.tibet.org,04-09-2011,03:59:10,ok
www.tiete.be,04-09-2011,03:59:10,ok
www.tiete.eu,04-09-2011,03:59:10,ok
www.tiete.org,04-09-2011,03:59:11,ok
www.tijd.be,04-09-2011,03:59:11,ok
www.timsah.com,04-09-2011,03:59:11,ok
www.tinychat.com,04-09-2011,03:59:12,ok
www.tipete.com,04-09-2011,03:59:14,ok
www.tmi.me,04-09-2011,03:59:14,ok
www.tnaflix.com,04-09-2011,03:59:14,ok
www.tns-global.com,04-09-2011,03:59:15,ok
www.tocka.com.mk,04-09-2011,03:59:16,ok
www.togetter.com,04-09-2011,03:59:18,ok
www.toluna.com,04-09-2011,03:59:18,ok
www.topsy.com,04-09-2011,03:59:19,ok
www.toranoana.jp,04-09-2011,03:59:21,ok
www.torrentfreak.com,04-09-2011,03:59:22,ok
www.torrentz.eu,04-09-2011,03:59:22,ok
www.toshiba.co.jp,04-09-2011,03:59:23,ok
www.tosp.co.jp,04-09-2011,03:59:25,ok
www.totallycoolpix.com,04-09-2011,03:59:26,ok
www.tovima.gr,04-09-2011,03:59:26,ok
www.tradus.in,04-09-2011,03:59:28,ok
www.trafficgate.net,04-09-2011,03:59:30,ok
www.treinreiziger.nl,04-09-2011,03:59:31,ok
www.trekearth.com,04-09-2011,03:59:32,ok
www.tro-ma-ktiko.blogspot.com,04-09-2011,03:59:34,ok
www.truveo.com,04-09-2011,03:59:35,ok
www.truvo.be,04-09-2011,03:59:35,ok
www.tsutaya.co.jp,04-09-2011,03:59:38,ok
www.ttdk2.com,04-09-2011,03:59:42,ok
www.tuaw.com,04-09-2011,03:59:42,ok
www.tube8.com,04-09-2011,03:59:43,ok
www.tubefire.com,04-09-2011,03:59:44,ok
www.tuinslak.be,04-09-2011,03:59:44,ok
www.tuinslak.eu,04-09-2011,03:59:45,ok
www.tuinslak.org,04-09-2011,03:59:45,ok
www.tumblr.com,04-09-2011,03:59:46,ok
www.tunisia-sat.com,04-09-2011,03:59:46,ok
www.tunnelbroker.net,04-09-2011,03:59:47,ok
www.tuttosport.com,04-09-2011,03:59:47,ok
www.tv-asahi.co.jp,04-09-2011,03:59:49,ok
www.tv-tokyo.co.jp,04-09-2011,03:59:51,ok
www.tv.com,04-09-2011,03:59:52,ok
www.tvboxnow.com,04-09-2011,03:59:54,ok
www.tweakers.net,04-09-2011,03:59:54,ok
www.tweetdeck.com,04-09-2011,03:59:55,ok
www.tweetmeme.com,04-09-2011,03:59:55,ok
www.tweetvite.com,04-09-2011,03:59:56,ok
www.twilog.org,04-09-2011,03:59:59,ok
www.twitlonger.com,04-09-2011,03:59:59,ok
www.twitoaster.com,04-09-2011,03:59:59,ok
www.twitpic.com,04-09-2011,03:59:59,ok
www.twitter.com,04-09-2011,04:00:01,ok
www.twittercounter.com,04-09-2011,04:00:02,ok
www.twitterfeed.com,04-09-2011,04:00:03,ok
www.twittergrader.com,04-09-2011,04:00:04,ok
www.twitvid.com,04-09-2011,04:00:05,ok
www.tyneso.com,04-09-2011,04:00:06,ok
www.typepad.com,04-09-2011,04:00:07,ok
www.u-tokyo.ac.jp,04-09-2011,04:00:09,ok
www.uba.ar,04-09-2011,04:00:09,ok
www.ubuntu.com,04-09-2011,04:00:09,ok
www.ucm.es,04-09-2011,04:00:10,ok
www.udn.com,04-09-2011,04:00:10,ok
www.uk.to,04-09-2011,04:00:11,ok
www.un.org,04-09-2011,04:00:11,ok
www.unal.edu.co,04-09-2011,04:00:12,ok
www.uned.es,04-09-2011,04:00:12,ok
www.uni.cc,04-09-2011,04:00:14,ok
www.unicreditbanca.it,04-09-2011,04:00:14,ok
www.unionli.com,04-09-2011,04:00:16,ok
www.unix.com,04-09-2011,04:00:17,ok
www.unixguide.net,04-09-2011,04:00:18,ok
www.uoc.edu,04-09-2011,04:00:18,ok
www.upenn.edu,04-09-2011,04:00:18,ok
www.uploadshare.org,04-09-2011,04:00:18,ok
www.upublish.info,04-09-2011,04:00:21,ok
www.userbase.be,04-09-2011,04:00:22,ok
www.ustream.tv,04-09-2011,04:00:22,ok
www.utoronto.ca,04-09-2011,04:00:23,ok
www.uueasy.com,04-09-2011,04:00:26,ok
www.value-domain.com,04-09-2011,04:00:28,ok
www.vandaag.be,04-09-2011,04:00:28,ok
www.vcricket.com,04-09-2011,04:00:29,ok
www.vdolady.com,04-09-2011,04:00:32,ok
www.vector.co.jp,04-09-2011,04:00:34,ok
www.veoh.com,04-09-2011,04:00:35,ok
www.vh1.com,04-09-2011,04:00:35,ok
www.videobb.com,04-09-2011,04:00:36,ok
www.videobox.com,04-09-2011,04:00:37,ok
www.videopress.com,04-09-2011,04:00:38,ok
www.viki.com,04-09-2011,04:00:39,ok
www.vimeo.com,04-09-2011,04:00:40,ok
www.vivo.com.br,04-09-2011,04:00:41,ok
www.vlc.org,04-09-2011,04:00:41,ok
www.vmoptions.com,04-09-2011,04:00:42,ok
www.voila.fr,04-09-2011,04:00:43,ok
www.vol777.com,04-09-2011,04:00:43,nok
www.voyage-prive.com,04-09-2011,04:00:44,ok
www.vozforums.com,04-09-2011,04:00:47,ok
www.vsa.com.cn,04-09-2011,04:00:50,ok
www.vsnl.net.in,04-09-2011,04:00:51,ok
www.wahas.com,04-09-2011,04:00:52,ok
www.walkernews.net,04-09-2011,04:00:53,ok
www.wanktube.com,04-09-2011,04:00:53,ok
www.washingtonpost.com,04-09-2011,04:00:54,ok
www.watanabepro.co.jp,04-09-2011,04:00:56,ok
www.watchmygf.net,04-09-2011,04:00:57,ok
www.wearehairy.com,04-09-2011,04:00:57,ok
www.web-directories.ws,04-09-2011,04:00:59,ok
www.webcams.com,04-09-2011,04:01:01,ok
www.webgame188.com,04-09-2011,04:01:05,ok
www.webhostingtalk.com,04-09-2011,04:01:06,ok
www.webhostingtalk.nl,04-09-2011,04:01:07,ok
www.webinknow.com,04-09-2011,04:01:08,ok
www.weble.org,04-09-2011,04:01:12,ok
www.webshots.com,04-09-2011,04:01:13,ok
www.websitegrader.com,04-09-2011,04:01:14,ok
www.websitetestlink.com,04-09-2011,04:01:14,ok
www.wenxuecity.com,04-09-2011,04:01:15,ok
www.wer-weiss-was.de,04-09-2011,04:01:15,ok
www.whatreallyhappened.com,04-09-2011,04:01:17,ok
www.which.co.uk,04-09-2011,04:01:17,ok
www.whitehouse.gov,04-09-2011,04:01:18,ok
www.wikileaks.ch,04-09-2011,04:01:18,ok
www.wikimapia.org,04-09-2011,04:01:19,ok
www.wikipedia.com,04-09-2011,04:01:19,ok
www.wikipedia.org,04-09-2011,04:01:19,ok
www.wikiwiki.jp,04-09-2011,04:01:20,ok
www.willhaben.at,04-09-2011,04:01:21,ok
www.wisevid.com,04-09-2011,04:01:21,ok
www.wizaz.pl,04-09-2011,04:01:22,nok
www.wn.com,04-09-2011,04:01:22,ok
www.woopie.jp,04-09-2011,04:01:24,ok
www.wordpress.com,04-09-2011,04:01:25,ok
www.wordpress.org,04-09-2011,04:01:26,ok
www.wow-europe.com,04-09-2011,04:01:26,ok
www.wpmudev.org,04-09-2011,04:01:28,ok
www.wretch.cc,04-09-2011,04:01:30,ok
www.writetoreply.org,04-09-2011,04:01:32,ok
www.wroclaw.pl,04-09-2011,04:01:32,ok
www.wrzuta.pl,04-09-2011,04:01:32,ok
www.wsj.com,04-09-2011,04:01:33,ok
www.wyunion.com,04-09-2011,04:01:36,ok
www.xdowns.com,04-09-2011,04:01:41,ok
www.xhamster.com,04-09-2011,04:01:42,ok
www.xiazaiba.com,04-09-2011,04:01:46,ok
www.xjtu.edu.cn,04-09-2011,04:01:47,ok
www.xl.pt,04-09-2011,04:01:48,ok
www.xmatch.com,04-09-2011,04:01:50,ok
www.xnxx.com,04-09-2011,04:01:51,ok
www.xrea.jp,04-09-2011,04:01:52,ok
www.xtlbb.com,04-09-2011,04:01:53,ok
www.xtremetop100.com,04-09-2011,04:01:54,ok
www.xvideos.com,04-09-2011,04:01:55,ok
www.xvideoslive.com,04-09-2011,04:01:57,ok
www.ya.ru,04-09-2011,04:01:57,nok
www.yad2.co.il,04-09-2011,04:01:58,ok
www.yahoo.co.jp,04-09-2011,04:01:59,ok
www.yahoo.com,04-09-2011,04:02:00,ok
www.yallakora.com,04-09-2011,04:02:01,ok
www.yandex.ru,04-09-2011,04:02:01,nok
www.yelp.com,04-09-2011,04:02:02,ok
www.yeri.be,04-09-2011,04:02:03,ok
www.yeritiete.be,04-09-2011,04:02:03,ok
www.yfrog.com,04-09-2011,04:02:04,ok
www.yidio.com,04-09-2011,04:02:05,ok
www.yieldmanager.com,04-09-2011,04:02:06,ok
www.yiqifa.com,04-09-2011,04:02:09,ok
www.yiqiwin.com,04-09-2011,04:02:11,ok
www.yomiuri.co.jp,04-09-2011,04:02:13,ok
www.youboy.com,04-09-2011,04:02:25,ok
www.youporn.com,04-09-2011,04:02:27,ok
www.youporngay.com,04-09-2011,04:02:28,ok
www.yourrewardinside.com,04-09-2011,04:02:29,ok
www.youtu.be,04-09-2011,04:02:29,ok
www.youtube.com,04-09-2011,04:02:30,ok
www.yuvutu.com,04-09-2011,04:02:30,ok
www.yx007.com,04-09-2011,04:02:35,ok
www.za.net,04-09-2011,04:02:35,ok
www.zaobao.com,04-09-2011,04:02:36,ok
www.zhongsou.net,04-09-2011,04:02:42,ok
www.zorpia.com,04-09-2011,04:02:43,ok
www.zp.ua,04-09-2011,04:02:43,ok
www.zto.cn,04-09-2011,04:02:46,ok
yeri.tiete.be,04-09-2011,04:02:46,ok
zero.rootspirit.com,04-09-2011,04:02:46,ok
