blog.twitter.com,28-05-2011,15:01:48,nok
en.rsf.org,28-05-2011,15:02:55,nok
fr.rsf.org,28-05-2011,15:04:53,nok
i1.ytimg.com,28-05-2011,15:04:59,nok
i2.ytimg.com,28-05-2011,15:05:00,nok
i3.ytimg.com,28-05-2011,15:05:02,nok
i4.ytimg.com,28-05-2011,15:05:04,nok
lists.debian.org,28-05-2011,15:05:39,nok
picasaweb.google.com,28-05-2011,15:06:21,nok
scribe.twitter.com,28-05-2011,15:06:34,nok
search.twitter.com,28-05-2011,15:06:36,nok
sites.google.com,28-05-2011,15:06:38,nok
social.implu.com,28-05-2011,15:06:40,nok
s.ytimg.com,28-05-2011,15:06:27,nok
tw.yahoo.com,28-05-2011,15:07:41,nok
webcache.googleusercontent.com,28-05-2011,15:07:48,nok
www.1000.tv,28-05-2011,15:08:13,nok
www.10musume.com,28-05-2011,15:08:58,nok
www.10neen.com,28-05-2011,15:09:42,nok
www.123rf.com,28-05-2011,15:09:46,nok
www.1pondo.tv,28-05-2011,15:10:41,nok
www.2shared.com,28-05-2011,15:10:48,nok
www.4shared.com,28-05-2011,15:11:07,nok
www.5ilthy.com,28-05-2011,15:11:56,nok
www.6park.com,28-05-2011,15:12:39,nok
www.777rmb.com,28-05-2011,15:12:41,nok
www.888.com,28-05-2011,15:12:45,nok
www.888promos.com,28-05-2011,15:13:28,nok
www.8teenxxx.com,28-05-2011,15:13:30,nok
www.9189.com,28-05-2011,15:14:14,nok
www.aboutus.org,28-05-2011,15:14:57,nok
www.accountonline.com,28-05-2011,15:18:09,nok
www.adsense.blogspot.com,28-05-2011,15:18:22,nok
www.adultfriendfinder.com,28-05-2011,15:19:19,nok
www.adwords.blogspot.com,28-05-2011,15:19:41,nok
www.alabout.com,28-05-2011,15:20:44,nok
www.amakings.com,28-05-2011,15:21:00,nok
www.amateurboobtube.com,28-05-2011,15:21:44,nok
www.amateursexy.net,28-05-2011,15:21:46,nok
www.ameblo.jp,28-05-2011,15:23:13,nok
www.amnesty.org,28-05-2011,15:23:37,nok
www.animecrazy.net,28-05-2011,15:23:40,nok
www.aolnews.com,28-05-2011,15:24:11,nok
www.apetube.com,28-05-2011,15:24:13,nok
www.appbrain.com,28-05-2011,15:24:58,nok
www.appspot.com,28-05-2011,15:25:02,nok
www.archive.org,28-05-2011,15:25:04,nok
www.avito.ru,28-05-2011,15:25:34,nok
www.aziani.com,28-05-2011,15:26:19,nok
www.badjojo.com,28-05-2011,15:26:26,nok
www.badoo.com,28-05-2011,15:26:30,nok
www.baidu.jp,28-05-2011,15:26:35,nok
www.bangbros1.com,28-05-2011,15:26:54,nok
www.bebo.com,28-05-2011,15:27:28,nok
www.bet365.com,28-05-2011,15:27:39,nok
www.betfair.com,28-05-2011,15:27:41,nok
www.bigtits.com,28-05-2011,15:27:43,nok
www.bitsnoop.com,28-05-2011,15:28:02,nok
www.blackhatworld.com,28-05-2011,15:28:47,nok
www.blinkx.com,28-05-2011,15:29:33,nok
www.blogcatalog.com,28-05-2011,15:31:05,nok
www.blog.de,28-05-2011,15:30:21,nok
www.blogdelnarco.com,28-05-2011,15:31:50,nok
www.blogger.com,28-05-2011,15:31:55,nok
www.blogimg.jp,28-05-2011,15:32:06,nok
www.bloglines.com,28-05-2011,15:32:09,nok
www.bloglovin.com,28-05-2011,15:32:52,nok
www.blogspirit.com,28-05-2011,15:33:38,nok
www.blogspot.com,28-05-2011,15:33:40,nok
www.bloguez.com,28-05-2011,15:34:24,nok
www.boardreader.com,28-05-2011,15:35:19,nok
www.bodog.com,28-05-2011,15:35:27,nok
www.books.com.tw,28-05-2011,15:36:18,nok
www.bplaced.net,28-05-2011,15:36:23,nok
www.bravenet.com,28-05-2011,15:37:07,nok
www.break.com,28-05-2011,15:37:50,nok
www.bukisa.com,28-05-2011,15:38:36,nok
www.businessmodelinnovatie.be,28-05-2011,15:39:25,nok
www.cacaoweb.org,28-05-2011,15:40:51,nok
www.cafepress.com,28-05-2011,15:40:52,nok
www.camfrog.com,28-05-2011,15:41:06,nok
www.cams.com,28-05-2011,15:41:08,nok
www.capital.gr,28-05-2011,15:41:20,nok
www.caribbeancom.com,28-05-2011,15:42:07,nok
www.cari.com.my,28-05-2011,15:41:23,nok
www.chrispederick.com,28-05-2011,15:44:20,nok
www.chromium.org,28-05-2011,15:45:04,nok
www.cinema3satu.blogspot.com,28-05-2011,15:45:12,nok
www.ck101.com,28-05-2011,15:45:19,nok
www.clientsfromhell.net,28-05-2011,15:46:11,nok
www.clipfish.de,28-05-2011,15:46:13,nok
www.cliphunter.com,28-05-2011,15:46:15,nok
www.coches.net,28-05-2011,15:47:18,nok
www.colbertnation.com,28-05-2011,15:48:16,nok
www.cotweet.com,28-05-2011,15:48:57,nok
www.couponcabin.com,28-05-2011,15:48:58,nok
www.creaders.net,28-05-2011,15:49:46,nok
www.criteo.com,28-05-2011,15:50:29,nok
www.crutchfield.com,28-05-2011,15:50:34,nok
www.csnstores.com,28-05-2011,15:51:20,nok
www.cz.cc,28-05-2011,15:52:05,nok
www.dailymotion.com,28-05-2011,15:52:35,nok
www.dancingbear.com,28-05-2011,15:52:41,nok
www.decoo.jp,28-05-2011,15:53:40,nok
www.diigo.com,28-05-2011,15:55:04,nok
www.dipity.com,28-05-2011,15:56:30,nok
www.discuss.com.hk,28-05-2011,15:56:37,nok
www.dlsite.com,28-05-2011,15:56:40,nok
www.donedeal.ie,28-05-2011,15:57:20,nok
www.dospy.com,28-05-2011,15:58:04,nok
www.doujin-games88.blogspot.com,28-05-2011,15:58:06,nok
www.downforeveryoneorjustme.com,28-05-2011,15:58:50,nok
www.dropbox.com,28-05-2011,15:59:18,nok
www.drtuber.com,28-05-2011,15:59:20,nok
www.dtiblog.com,28-05-2011,16:00:21,nok
www.dtiserv2.com,28-05-2011,16:01:05,nok
www.duga.jp,28-05-2011,16:01:07,nok
www.dw-world.de,28-05-2011,16:01:11,nok
www.dxlive.com,28-05-2011,16:01:55,nok
www.ebookbrowse.com,28-05-2011,16:02:36,nok
www.edublogs.org,28-05-2011,16:04:52,nok
www.empflix.com,28-05-2011,16:05:51,nok
www.epochtimes.com,28-05-2011,16:06:52,nok
www.eventful.com,28-05-2011,16:06:56,nok
www.exploader.net,28-05-2011,16:07:41,nok
www.extremetube.com,28-05-2011,16:07:59,nok
www.eyny.com,28-05-2011,16:09:04,nok
www.eztv.it,28-05-2011,16:09:05,nok
www.facebook.com,28-05-2011,16:09:07,nok
www.fakku.net,28-05-2011,16:09:16,nok
www.fastpic.ru,28-05-2011,16:10:06,nok
www.favotter.net,28-05-2011,16:10:49,nok
www.favstar.fm,28-05-2011,16:11:33,nok
www.fbcdn.net,28-05-2011,16:11:35,nok
www.femjoy.com,28-05-2011,16:12:19,nok
www.flagfox.net,28-05-2011,16:13:19,nok
www.flashgames.it,28-05-2011,16:13:20,nok
www.fleshbot.com,28-05-2011,16:13:23,nok
www.fooooo.com,28-05-2011,16:13:53,nok
www.fotocasa.es,28-05-2011,16:14:42,nok
www.foursquare.com,28-05-2011,16:14:44,nok
www.freakshare.com,28-05-2011,16:14:48,nok
www.free.fr,28-05-2011,16:14:51,nok
www.freelotto.com,28-05-2011,16:14:52,nok
www.freepornofreeporn.com,28-05-2011,16:14:57,nok
www.freeservers.com,28-05-2011,16:15:53,nok
www.freetibet.org,28-05-2011,16:16:37,nok
www.freewebs.com,28-05-2011,16:16:39,nok
www.friendfeed.com,28-05-2011,16:16:43,nok
www.friendfeed-media.com,28-05-2011,16:16:42,nok
www.galeon.com,28-05-2011,16:17:59,nok
www.gamer.com.tw,28-05-2011,16:18:45,nok
www.gamerp.jp,28-05-2011,16:19:29,nok
www.gather.com,28-05-2011,16:20:19,nok
www.geekonaute.fr,28-05-2011,16:21:11,nok
www.geocities.co.jp,28-05-2011,16:23:34,nok
www.geocities.jp,28-05-2011,16:25:41,nok
www.getuploader.com,28-05-2011,16:26:33,nok
www.gigporno.ru,28-05-2011,16:26:36,nok
www.gmailblog.blogspot.com,28-05-2011,16:26:52,nok
www.gob.ve,28-05-2011,16:29:47,nok
www.gocsgo.com,28-05-2011,16:29:48,nok
www.goodreads.com,28-05-2011,16:30:35,nok
www.googleartproject.com,28-05-2011,16:31:59,nok
www.googleblog.blogspot.com,28-05-2011,16:32:01,nok
www.googlesystem.blogspot.com,28-05-2011,16:32:03,nok
www.googlewebmastercentral.blogspot.com,28-05-2011,16:32:05,nok
www.gpotato.eu,28-05-2011,16:32:59,nok
www.greatfirewallofchina.org,28-05-2011,16:33:04,nok
www.grindtv.com,28-05-2011,16:33:06,nok
www.gutteruncensorednewsb.blogspot.com,28-05-2011,16:33:44,nok
www.hackforums.net,28-05-2011,16:34:33,nok
www.hgtv.com,28-05-2011,16:35:02,nok
www.hidemyass.com,28-05-2011,16:35:50,nok
www.hkgolden.com,28-05-2011,16:36:37,nok
www.hkjc.com,28-05-2011,16:37:22,nok
www.hkreporter.com,28-05-2011,16:37:24,nok
www.hulu.com,28-05-2011,16:38:07,nok
www.ibibo.com,28-05-2011,16:38:17,nok
www.identi.ca,28-05-2011,16:38:35,nok
www.imagevenue.com,28-05-2011,16:43:01,nok
www.imdb.com,28-05-2011,16:43:04,nok
www.isohunt.com,28-05-2011,16:43:52,nok
www.izlesene.com,28-05-2011,16:47:06,nok
www.joomlaxtc.com,28-05-2011,16:47:36,nok
www.justunfollow.com,28-05-2011,16:48:35,nok
www.kajabi.com,28-05-2011,16:50:48,nok
www.kinghost.com,28-05-2011,16:51:26,nok
www.kino.de,28-05-2011,16:52:08,nok
www.labnol.blogspot.com,28-05-2011,16:52:23,nok
www.ladbrokes.com,28-05-2011,16:53:07,nok
www.lalulalu.com,28-05-2011,16:53:50,nok
www.launches.net,28-05-2011,16:55:58,nok
www.lexilogos.com,28-05-2011,16:56:55,nok
www.livestation.com,28-05-2011,16:59:17,nok
www.livevideo.com,28-05-2011,16:59:22,nok
www.lulzimg.com,28-05-2011,17:00:18,nok
www.lustyguide.com,28-05-2011,17:00:20,nok
www.mail-archive.com,28-05-2011,17:01:22,nok
www.mashable.com,28-05-2011,17:02:12,nok
www.meetup.com,28-05-2011,17:03:28,nok
www.mefeedia.com,28-05-2011,17:03:29,nok
www.megaporn.com,28-05-2011,17:03:31,nok
www.metacafe.com,28-05-2011,17:06:31,nok
www.minghui.org,28-05-2011,17:06:50,nok
www.mingpao.com,28-05-2011,17:07:13,nok
www.mitbbs.com,28-05-2011,17:07:57,nok
www.mixx.com,28-05-2011,17:07:59,nok
www.mmaaxx.com,28-05-2011,17:08:49,nok
www.mobile01.com,28-05-2011,17:08:51,nok
www.mobypicture.com,28-05-2011,17:08:53,nok
www.modernizr.com,28-05-2011,17:09:36,nok
www.moviegalleri.in,28-05-2011,17:10:30,nok
www.mtv.com,28-05-2011,17:11:30,nok
www.multiply.com,28-05-2011,17:12:59,nok
www.mylovewebs.cn,28-05-2011,17:13:50,nok
www.myvideo.de,28-05-2011,17:14:38,nok
www.myyearbook.com,28-05-2011,17:14:39,nok
www.nerdnearby.com,28-05-2011,17:17:32,nok
www.netsolhost.com,28-05-2011,17:18:25,nok
www.network54.com,28-05-2011,17:18:29,nok
www.networkedblogs.com,28-05-2011,17:19:13,nok
www.nexon.co.jp,28-05-2011,17:21:25,nok
www.nick.com,28-05-2011,17:22:15,nok
www.nicovideo.jp,28-05-2011,17:23:06,nok
www.nocookie.net,28-05-2011,17:24:52,nok
www.nothingtoxic.com,28-05-2011,17:25:37,nok
www.nps.gov,28-05-2011,17:25:42,nok
www.nrk.no,28-05-2011,17:26:25,nok
www.occ.com.mx,28-05-2011,17:27:21,nok
www.ocxxx.com,28-05-2011,17:27:28,nok
www.opendemocracy.net,28-05-2011,17:28:38,nok
www.openpr.de,28-05-2011,17:28:39,nok
www.orange-hiyoko.blogspot.com,28-05-2011,17:28:52,nok
www.oursogo.com,28-05-2011,17:29:24,nok
www.ow.ly,28-05-2011,17:29:33,nok
www.pacificpoker.com,28-05-2011,17:29:40,nok
www.pacopacomama.com,28-05-2011,17:30:23,nok
www.pandora.tv,28-05-2011,17:30:31,nok
www.paper.li,28-05-2011,17:30:36,nok
www.partycasino.com,28-05-2011,17:30:41,nok
www.partypoker.com,28-05-2011,17:30:43,nok
www.passion.com,28-05-2011,17:31:29,nok
www.paypal-shopping.com,28-05-2011,17:31:37,nok
www.pbworks.com,28-05-2011,17:33:14,nok
www.perfspot.com,28-05-2011,17:33:58,nok
www.photosex.biz,28-05-2011,17:34:02,nok
www.phpnuke.ir,28-05-2011,17:35:30,nok
www.php.su,28-05-2011,17:34:46,nok
www.pimpandhost.com,28-05-2011,17:36:23,nok
www.ping.fm,28-05-2011,17:37:07,nok
www.pixnet.net,28-05-2011,17:37:08,nok
www.plurk.com,28-05-2011,17:37:35,nok
www.poppen.de,28-05-2011,17:39:24,nok
www.pornoxo.com,28-05-2011,17:39:29,nok
www.porntube.com,28-05-2011,17:39:31,nok
www.pornvisit.com,28-05-2011,17:39:33,nok
www.posterous.com,28-05-2011,17:39:35,nok
www.privet.ru,28-05-2011,17:40:27,nok
www.productlaunchformula.com,28-05-2011,17:42:36,nok
www.psdisasters.com,28-05-2011,17:43:25,nok
www.pussy.org,28-05-2011,17:43:37,nok
www.rapidshare.com,28-05-2011,17:46:12,nok
www.redtube.com,28-05-2011,17:46:21,nok
www.refactormycode.com,28-05-2011,17:48:29,nok
www.rfi.fr,28-05-2011,17:48:54,nok
www.rsf-chinese.org,28-05-2011,17:49:59,nok
www.rubias19.com,28-05-2011,17:50:02,nok
www.rutube.ru,28-05-2011,17:50:05,nok
www.scribd.com,28-05-2011,17:50:30,nok
www.secureserver.net,28-05-2011,17:51:16,nok
www.sevenload.com,28-05-2011,17:51:48,nok
www.sex141.com,28-05-2011,17:51:51,nok
www.sexandsubmission.com,28-05-2011,17:51:53,nok
www.sexbot.com,28-05-2011,17:52:16,nok
www.sexpixbox.com,28-05-2011,17:53:00,nok
www.showtime.jp,28-05-2011,17:54:20,nok
www.singaporepools.com.sg,28-05-2011,17:54:29,nok
www.smf.is,28-05-2011,17:55:33,nok
www.soundclick.com,28-05-2011,17:56:59,nok
www.soup.io,28-05-2011,17:57:43,nok
www.spike.com,28-05-2011,17:58:10,nok
www.stickam.com,28-05-2011,17:59:40,nok
www.stileproject.com,28-05-2011,17:59:42,nok
www.sytes.net,28-05-2011,18:00:09,nok
www.t35.com,28-05-2011,18:01:37,nok
www.t.co,28-05-2011,18:00:53,nok
www.technorati.com,28-05-2011,18:02:05,nok
www.teenburg.com,28-05-2011,18:02:09,nok
www.teenie-pics.com,28-05-2011,18:02:53,nok
www.tek-tips.com,28-05-2011,18:03:40,nok
www.thepiratebay.org,28-05-2011,18:04:36,nok
www.thesartorialist.blogspot.com,28-05-2011,18:04:38,nok
www.thisav.com,28-05-2011,18:04:42,nok
www.tibet.com,28-05-2011,18:05:28,nok
www.tibet.net,28-05-2011,18:06:12,nok
www.tibet.org,28-05-2011,18:06:56,nok
www.timsah.com,28-05-2011,18:07:47,nok
www.tinychat.com,28-05-2011,18:08:31,nok
www.tmi.me,28-05-2011,18:08:36,nok
www.togetter.com,28-05-2011,18:09:31,nok
www.topsy.com,28-05-2011,18:09:36,nok
www.tosp.co.jp,28-05-2011,18:10:31,nok
www.tradus.in,28-05-2011,18:10:41,nok
www.truveo.com,28-05-2011,18:10:55,nok
www.tv.com,28-05-2011,18:12:38,nok
www.tweetdeck.com,28-05-2011,18:12:46,nok
www.tweetmeme.com,28-05-2011,18:13:30,nok
www.twitlonger.com,28-05-2011,18:13:36,nok
www.twitoaster.com,28-05-2011,18:14:20,nok
www.twitpic.com,28-05-2011,18:14:22,nok
www.twitter.com,28-05-2011,18:14:24,nok
www.twitterfeed.com,28-05-2011,18:14:28,nok
www.twittergrader.com,28-05-2011,18:15:12,nok
www.twitvid.com,28-05-2011,18:15:14,nok
www.udn.com,28-05-2011,18:15:33,nok
www.uni.cc,28-05-2011,18:15:47,nok
www.upublish.info,28-05-2011,18:16:06,nok
www.ustream.tv,28-05-2011,18:16:20,nok
www.veoh.com,28-05-2011,18:18:02,nok
www.vh1.com,28-05-2011,18:18:47,nok
www.videobox.com,28-05-2011,18:19:33,nok
www.vimeo.com,28-05-2011,18:19:41,nok
www.wahas.com,28-05-2011,18:20:51,nok
www.wanktube.com,28-05-2011,18:20:55,nok
www.watchmygf.net,28-05-2011,18:21:08,nok
www.webcams.com,28-05-2011,18:21:19,nok
www.webshots.com,28-05-2011,18:22:18,nok
www.websitegrader.com,28-05-2011,18:23:01,nok
www.wenxuecity.com,28-05-2011,18:23:46,nok
www.wikimapia.org,28-05-2011,18:24:03,nok
www.willhaben.at,28-05-2011,18:24:12,nok
www.wisevid.com,28-05-2011,18:24:55,nok
www.wizaz.pl,28-05-2011,18:25:39,nok
www.wn.com,28-05-2011,18:27:04,nok
www.woopie.jp,28-05-2011,18:27:48,nok
www.wpmudev.org,28-05-2011,18:28:43,nok
www.wretch.cc,28-05-2011,18:28:45,nok
www.xhamster.com,28-05-2011,18:29:03,nok
www.xmatch.com,28-05-2011,18:29:55,nok
www.xtlbb.com,28-05-2011,18:30:02,nok
www.xtremetop100.com,28-05-2011,18:30:03,nok
www.xvideos.com,28-05-2011,18:30:06,nok
www.yad2.co.il,28-05-2011,18:30:15,nok
www.yallakora.com,28-05-2011,18:33:03,nok
www.yandex.ru,28-05-2011,18:33:06,nok
www.ya.ru,28-05-2011,18:30:11,nok
www.yfrog.com,28-05-2011,18:33:18,nok
www.yidio.com,28-05-2011,18:34:02,nok
www.youporn.com,28-05-2011,18:34:14,nok
www.youporngay.com,28-05-2011,18:34:17,nok
www.yourrewardinside.com,28-05-2011,18:34:21,nok
www.youtu.be,28-05-2011,18:34:24,nok
www.youtube.com,28-05-2011,18:34:25,nok
www.yuvutu.com,28-05-2011,18:34:28,nok
www.zorpia.com,28-05-2011,18:35:24,nok
