api.irail.be,16-05-2011,15:00:15,ok
api.twitter.com,16-05-2011,15:03:04,nok
belaws.irail.be,16-05-2011,15:03:06,ok
blog.irail.be,16-05-2011,15:03:09,ok
blog.tuinslak.org,16-05-2011,15:03:18,ok
blog.twitter.com,16-05-2011,15:04:01,nok
blog.zztopping.com,16-05-2011,15:04:05,ok
bmiwiki.cchmc.org,16-05-2011,15:04:09,ok
boards.4chan.org,16-05-2011,15:04:12,ok
boxun.shuoyi.com,16-05-2011,15:04:25,ok
chrome.google.com,16-05-2011,15:04:28,ok
code.google.com,16-05-2011,15:04:30,ok
de.wikipedia.org,16-05-2011,15:04:33,ok
english.aljazeera.net,16-05-2011,15:06:09,ok
en.rsf.org,16-05-2011,15:05:16,nok
en.wikipedia.org,16-05-2011,15:05:21,ok
four.rootspirit.com,16-05-2011,15:06:10,ok
fr.rsf.org,16-05-2011,15:06:54,nok
fr.wikipedia.org,16-05-2011,15:07:02,ok
irc.netsplit.de,16-05-2011,15:07:04,ok
listen.grooveshark.com,16-05-2011,15:07:38,ok
lists.rootspirit.com,16-05-2011,15:07:39,ok
liveboards.irail.be,16-05-2011,15:07:42,ok
mail.google.com,16-05-2011,15:07:43,ok
maps.google.com,16-05-2011,15:07:46,ok
maps.irail.be,16-05-2011,15:07:47,ok
market.android.com,16-05-2011,15:07:52,ok
nerdnotes.org,16-05-2011,15:07:55,ok
news.google.com,16-05-2011,15:07:59,ok
nl.wikipedia.org,16-05-2011,15:08:06,ok
one.rootspirit.com,16-05-2011,15:08:07,ok
online.wsj.com,16-05-2011,15:08:10,ok
picasaweb.google.com,16-05-2011,15:08:12,nok
project.irail.be,16-05-2011,15:08:14,ok
prowl.weks.net,16-05-2011,15:08:17,ok
safebrowsing-cache.google.com,16-05-2011,15:08:21,ok
search.twitter.com,16-05-2011,15:08:28,nok
sites.google.com,16-05-2011,15:08:30,nok
social.implu.com,16-05-2011,15:08:32,nok
source.android.com,16-05-2011,15:08:34,ok
static.0x04.com,16-05-2011,15:08:42,ok
store.apple.com,16-05-2011,15:08:45,ok
sunsite.ualberta.ca,16-05-2011,15:08:46,ok
tech.karbassi.com,16-05-2011,15:08:48,ok
tipstricks.itmatrix.eu,16-05-2011,15:08:51,ok
tw.yahoo.com,16-05-2011,15:09:34,nok
uk.reuters.com,16-05-2011,15:09:38,ok
vm1.rootspirit.com,16-05-2011,15:09:39,ok
vpn.miiatech.com,16-05-2011,15:09:40,ok
webcache.googleusercontent.com,16-05-2011,15:09:42,nok
wiki.answers.com,16-05-2011,15:09:45,ok
wikileaks.0x04.com,16-05-2011,15:09:46,ok
www.007swz.com,16-05-2011,15:09:48,ok
www.0101.co.jp,16-05-2011,15:09:59,ok
www.0x04.com,16-05-2011,15:10:03,ok
www.0x20.be,16-05-2011,15:10:06,ok
www.1000.tv,16-05-2011,15:10:08,nok
www.104.com.tw,16-05-2011,15:10:10,ok
www.10musume.com,16-05-2011,15:10:54,nok
www.10neen.com,16-05-2011,15:11:37,nok
www.12306.cn,16-05-2011,15:11:40,ok
www.123rf.com,16-05-2011,15:11:41,nok
www.126.net,16-05-2011,15:11:48,ok
www.163.com,16-05-2011,15:11:50,ok
www.17iw.com,16-05-2011,15:11:51,ok
www.198game.net,16-05-2011,15:11:53,ok
www.1hai.cn,16-05-2011,15:11:55,ok
www.1pondo.tv,16-05-2011,15:12:39,nok
www.27xz.com,16-05-2011,15:12:41,ok
www.2a.com,16-05-2011,15:12:42,ok
www.2chan.net,16-05-2011,15:12:44,ok
www.2shared.com,16-05-2011,15:12:46,nok
www.2vlady.com,16-05-2011,15:12:47,ok
www.3322.org,16-05-2011,15:12:52,ok
www.4chan.org,16-05-2011,15:12:53,ok
www.4gamer.net,16-05-2011,15:13:01,ok
www.4shared.com,16-05-2011,15:13:13,ok
www.519tl.com,16-05-2011,15:13:15,ok
www.51e78.com,16-05-2011,15:13:17,ok
www.51yes.com,16-05-2011,15:13:18,ok
www.5ilthy.com,16-05-2011,15:14:02,nok
www.6park.com,16-05-2011,15:14:45,nok
www.777rmb.com,16-05-2011,15:14:48,nok
www.7netshopping.jp,16-05-2011,15:14:52,ok
www.888.com,16-05-2011,15:14:54,nok
www.888promos.com,16-05-2011,15:15:37,nok
www.8teenxxx.com,16-05-2011,15:15:39,nok
www.9189.com,16-05-2011,15:16:23,nok
www.95559.com.cn,16-05-2011,15:16:24,ok
www.9lwan.com,16-05-2011,15:16:55,ok
www.a963.com,16-05-2011,15:16:57,ok
www.abc.com.py,16-05-2011,15:17:02,ok
www.abchina.com,16-05-2011,15:17:04,ok
www.about.com,16-05-2011,15:17:07,ok
www.aboutus.org,16-05-2011,15:17:09,nok
www.accountonline.com,16-05-2011,15:17:12,ok
www.addictinggames.com,16-05-2011,15:17:16,ok
www.adium.im,16-05-2011,15:17:18,ok
www.admin.ch,16-05-2011,15:17:20,ok
www.adobe.com,16-05-2011,15:17:23,ok
www.adsense.blogspot.com,16-05-2011,15:17:26,nok
www.adtechus.com,16-05-2011,15:17:32,ok
www.adultfriendfinder.com,16-05-2011,15:18:15,nok
www.adultgeek.net,16-05-2011,15:18:29,ok
www.adwords.blogspot.com,16-05-2011,15:18:32,nok
www.aemet.es,16-05-2011,15:18:35,ok
www.affiliatefuture.co.uk,16-05-2011,15:18:47,ok
www.af.mil,16-05-2011,15:18:43,ok
www.akinator.com,16-05-2011,15:18:52,ok
www.alabout.com,16-05-2011,15:19:35,nok
www.alivetorrents.com,16-05-2011,15:19:38,ok
www.aljazeera.net,16-05-2011,15:19:41,ok
www.alpha.gr,16-05-2011,15:19:45,ok
www.amakings.com,16-05-2011,15:19:47,nok
www.amateurboobtube.com,16-05-2011,15:20:31,nok
www.amateursexy.net,16-05-2011,15:20:33,nok
www.amazonaws.com,16-05-2011,15:21:01,ok
www.amazon.com,16-05-2011,15:20:46,ok
www.amazon.co.uk,16-05-2011,15:20:41,ok
www.amazon.de,16-05-2011,15:20:50,ok
www.amazon.fr,16-05-2011,15:20:58,ok
www.ameblo.jp,16-05-2011,15:21:45,nok
www.americantowns.com,16-05-2011,15:21:47,ok
www.amiami.jp,16-05-2011,15:21:53,ok
www.amnesty.org,16-05-2011,15:21:59,nok
www.android.com,16-05-2011,15:22:01,ok
www.animecrazy.net,16-05-2011,15:22:03,nok
www.answerbox.net,16-05-2011,15:22:05,nok
www.answers.com,16-05-2011,15:22:09,ok
www.ant.com,16-05-2011,15:22:14,ok
www.aolcdn.com,16-05-2011,15:22:35,ok
www.aol.com,16-05-2011,15:22:34,ok
www.aolnews.com,16-05-2011,15:22:37,nok
www.apetube.com,16-05-2011,15:22:41,ok
www.apinpai.com,16-05-2011,15:22:42,ok
www.appbrain.com,16-05-2011,15:23:26,nok
www.apple.com,16-05-2011,15:23:29,ok
www.appspot.com,16-05-2011,15:23:31,nok
www.archive.org,16-05-2011,15:23:33,nok
www.arena.ne.jp,16-05-2011,15:23:36,ok
www.army.mil,16-05-2011,15:23:39,ok
www.articleblast.com,16-05-2011,15:23:42,ok
www.asahi.com,16-05-2011,15:23:49,ok
www.ask.com,16-05-2011,15:23:54,ok
www.atpages.jp,16-05-2011,15:23:57,ok
www.atwiki.jp,16-05-2011,15:24:01,ok
www.avaaz.org,16-05-2011,15:24:04,nok
www.avg.com,16-05-2011,15:24:10,ok
www.avito.ru,16-05-2011,15:24:14,nok
www.axfc.net,16-05-2011,15:24:16,ok
www.aziani.com,16-05-2011,15:24:59,nok
www.babypink.to,16-05-2011,15:25:04,ok
www.badjojo.com,16-05-2011,15:25:06,nok
www.badongo.com,16-05-2011,15:25:09,ok
www.badoo.com,16-05-2011,15:25:10,nok
www.ba.gov.br,16-05-2011,15:25:02,ok
www.baidu.com,16-05-2011,15:25:11,ok
www.baidu.jp,16-05-2011,15:25:14,nok
www.bancochile.cl,16-05-2011,15:25:17,ok
www.bancoestado.cl,16-05-2011,15:25:20,ok
www.bancomercantil.com,16-05-2011,15:25:24,ok
www.bancomer.com.mx,16-05-2011,15:25:23,ok
www.banesco.com,16-05-2011,15:25:29,ok
www.bangbros1.com,16-05-2011,15:25:32,nok
www.bangbros.com,16-05-2011,15:25:30,ok
www.bankcomm.com,16-05-2011,15:25:32,ok
www.bankmandiri.co.id,16-05-2011,15:25:35,ok
www.bankpasargad.com,16-05-2011,15:25:51,ok
www.banquepopulaire.fr,16-05-2011,15:25:55,ok
www.bbc.co.uk,16-05-2011,15:25:58,ok
www.beanfun.com,16-05-2011,15:26:00,ok
www.bebo.com,16-05-2011,15:26:07,nok
www.belgiumpoker.net,16-05-2011,15:26:13,ok
www.beslist.nl,16-05-2011,15:26:20,ok
www.bet365.com,16-05-2011,15:26:21,nok
www.betfair.com,16-05-2011,15:26:23,nok
www.bigtits.com,16-05-2011,15:26:26,nok
www.bild.de,16-05-2011,15:26:47,ok
www.bing.com,16-05-2011,15:26:51,ok
www.bit.ly,16-05-2011,15:26:53,ok
www.bitsnoop.com,16-05-2011,15:26:55,nok
www.bittorrentfiles.org,16-05-2011,15:26:57,ok
www.blackhatworld.com,16-05-2011,15:27:40,nok
www.blinkogold.ru,16-05-2011,15:27:42,ok
www.blinkx.com,16-05-2011,15:28:26,nok
www.blip.tv,16-05-2011,15:28:28,nok
www.blogcatalog.com,16-05-2011,15:29:55,nok
www.blogcdn.com,16-05-2011,15:29:56,ok
www.blog.de,16-05-2011,15:29:11,nok
www.blogdelnarco.com,16-05-2011,15:30:40,nok
www.blogger.com,16-05-2011,15:30:42,nok
www.bloggerei.de,16-05-2011,15:30:55,ok
www.blogimg.jp,16-05-2011,15:30:57,nok
www.bloglines.com,16-05-2011,15:30:59,ok
www.bloglovin.com,16-05-2011,15:31:43,nok
www.blogspirit.com,16-05-2011,15:32:41,nok
www.blogspot.com,16-05-2011,15:32:43,nok
www.bloguez.com,16-05-2011,15:33:27,nok
www.bloomberg.com,16-05-2011,15:33:30,ok
www.bmi.ir,16-05-2011,15:33:35,ok
www.boardofinnovation.com,16-05-2011,15:33:39,ok
www.boardreader.com,16-05-2011,15:34:22,nok
www.boc.cn,16-05-2011,15:34:25,ok
www.bochk.com,16-05-2011,15:34:26,ok
www.bodog.com,16-05-2011,15:34:38,ok
www.bohelady.com,16-05-2011,15:34:40,ok
www.bokecc.com,16-05-2011,15:34:41,ok
www.bom.gov.au,16-05-2011,15:34:44,ok
www.bookryanair.com,16-05-2011,15:34:46,ok
www.books.com.tw,16-05-2011,15:35:30,nok
www.borders.com,16-05-2011,15:35:37,ok
www.bplaced.net,16-05-2011,15:35:38,nok
www.bravenet.com,16-05-2011,15:36:22,nok
www.break.com,16-05-2011,15:37:05,nok
www.brightkite.com,16-05-2011,15:37:49,nok
www.bukisa.com,16-05-2011,15:38:33,nok
www.bulbagarden.net,16-05-2011,15:38:34,ok
www.burnews.com,16-05-2011,15:38:45,ok
www.businessmodelinnovatie.be,16-05-2011,15:39:29,nok
www.cacaoweb.org,16-05-2011,15:40:13,nok
www.cafepress.com,16-05-2011,15:40:15,nok
www.calciomercato.com,16-05-2011,15:40:18,ok
www.cam4.com,16-05-2011,15:40:33,ok
www.cam.ac.uk,16-05-2011,15:40:25,ok
www.camfrog.com,16-05-2011,15:40:35,nok
www.cams.com,16-05-2011,15:40:37,nok
www.canvas.be,16-05-2011,15:40:42,ok
www.capital.gr,16-05-2011,15:40:43,nok
www.caribbeancom.com,16-05-2011,15:41:31,nok
www.cari.com.my,16-05-2011,15:40:47,ok
www.carros.com.br,16-05-2011,15:41:39,ok
www.carsales.com.au,16-05-2011,15:41:51,ok
www.carwale.com,16-05-2011,15:41:57,ok
www.casadellibro.com,16-05-2011,15:42:34,ok
www.casinocity.com,16-05-2011,15:42:49,ok
www.casino.com,16-05-2011,15:42:47,ok
www.castorama.fr,16-05-2011,15:43:10,ok
www.ccb.com,16-05-2011,15:43:12,ok
www.ccb.com.cn,16-05-2011,15:43:12,ok
www.cebbank.com,16-05-2011,15:43:13,ok
www.cecile.co.jp,16-05-2011,15:43:17,ok
www.census.gov,16-05-2011,15:43:19,ok
www.centrum.cz,16-05-2011,15:43:29,ok
www.cheggit.nl,16-05-2011,15:43:33,ok
www.chevrolet.com.cn,16-05-2011,15:43:35,ok
www.chilehardware.cl,16-05-2011,15:43:38,ok
www.chinaih.com,16-05-2011,15:43:46,ok
www.chinamobile.com,16-05-2011,15:43:47,ok
www.china.org.cn,16-05-2011,15:43:45,ok
www.chinapay.com,16-05-2011,15:43:48,ok
www.chinarank.org.cn,16-05-2011,15:43:51,ok
www.chinatimes.com,16-05-2011,15:43:52,ok
www.chizumaru.com,16-05-2011,15:43:54,ok
www.chrispederick.com,16-05-2011,15:44:38,nok
www.chromium.org,16-05-2011,15:45:21,nok
www.chunichi.co.jp,16-05-2011,15:45:25,ok
www.cib.com.cn,16-05-2011,15:45:29,ok
www.cinema3satu.blogspot.com,16-05-2011,15:45:31,nok
www.cisco.com,16-05-2011,15:45:33,ok
www.citrix.com,16-05-2011,15:45:35,ok
www.ck101.com,16-05-2011,15:45:37,nok
www.classmates.com,16-05-2011,15:47:51,ok
www.clientsfromhell.net,16-05-2011,15:48:34,nok
www.clipfish.de,16-05-2011,15:48:46,ok
www.cliphunter.com,16-05-2011,15:48:48,nok
www.cl.ly,16-05-2011,15:47:46,nok
www.clubedohardware.com.br,16-05-2011,15:48:54,ok
www.cmbc.com.cn,16-05-2011,15:48:55,ok
www.cmbchina.com,16-05-2011,15:48:57,ok
www.cncmax.cn,16-05-2011,15:48:59,ok
www.cnet.com,16-05-2011,15:49:02,ok
www.cnn.com,16-05-2011,15:49:06,ok
www.cnsuning.com,16-05-2011,15:49:07,ok
www.cnzz.cn,16-05-2011,15:49:51,nok
www.coches.net,16-05-2011,15:50:35,nok
www.cocolog-nifty.com,16-05-2011,15:50:47,ok
www.colbertnation.com,16-05-2011,15:51:47,nok
www.collegeconfidential.com,16-05-2011,15:51:50,ok
www.collegehumor.com,16-05-2011,15:51:52,ok
www.color.com,16-05-2011,15:51:53,ok
www.comedycentral.com,16-05-2011,15:52:43,nok
www.com.kz,16-05-2011,15:51:56,ok
www.companieshouse.gov.uk,16-05-2011,15:52:46,ok
www.cool.ne.jp,16-05-2011,15:52:48,ok
www.corporate-ir.net,16-05-2011,15:52:51,ok
www.cotweet.com,16-05-2011,15:52:53,nok
www.couponcabin.com,16-05-2011,15:52:54,nok
www.craigslist.org,16-05-2011,15:52:57,ok
www.creaders.net,16-05-2011,15:53:42,nok
www.criteo.com,16-05-2011,15:54:25,nok
www.crunchbanglinux.org,16-05-2011,15:54:28,ok
www.crutchfield.com,16-05-2011,15:54:32,nok
www.cs.com.cn,16-05-2011,15:54:35,ok
www.csnstores.com,16-05-2011,15:55:19,nok
www.ct10000.com,16-05-2011,15:55:20,ok
www.cz.cc,16-05-2011,15:56:04,nok
www.dagospia.com,16-05-2011,15:56:15,ok
www.dailymail.co.uk,16-05-2011,15:56:38,ok
www.dailymotion.com,16-05-2011,15:56:40,nok
www.daisycon.com,16-05-2011,15:56:43,ok
www.dal.net,16-05-2011,15:56:44,ok
www.dancingbear.com,16-05-2011,15:56:46,nok
www.darkmyst.org,16-05-2011,15:56:49,ok
www.darkstormguild.com,16-05-2011,15:56:52,ok
www.dba.dk,16-05-2011,15:56:59,ok
www.debian-multimedia.org,16-05-2011,15:57:01,ok
www.debian.org,16-05-2011,15:57:05,ok
www.decoo.jp,16-05-2011,15:57:49,nok
www.delicious.com,16-05-2011,15:57:51,ok
www.democracy.com,16-05-2011,15:57:58,ok
www.designerterminal.com,16-05-2011,15:58:00,ok
www.deviantart.com,16-05-2011,15:58:04,ok
www.dh005.com,16-05-2011,15:58:11,ok
www.dhc.co.jp,16-05-2011,15:59:06,ok
www.dhs.gov,16-05-2011,15:59:09,ok
www.digg.com,16-05-2011,15:59:13,ok
www.diguo180.com,16-05-2011,15:59:15,ok
www.diigo.com,16-05-2011,15:59:17,nok
www.dion.ne.jp,16-05-2011,15:59:18,ok
www.dipity.com,16-05-2011,16:00:43,nok
www.dirty.ru,16-05-2011,16:00:50,ok
www.discuss.com.hk,16-05-2011,16:00:53,nok
www.disqus.com,16-05-2011,16:00:55,ok
www.dlsite.com,16-05-2011,16:02:39,nok
www.dnbnor.no,16-05-2011,16:02:54,ok
www.doityourself.com,16-05-2011,16:03:18,ok
www.dom2.ru,16-05-2011,16:03:25,ok
www.donedeal.ie,16-05-2011,16:03:27,nok
www.dospy.com,16-05-2011,16:03:29,ok
www.doujin-games88.blogspot.com,16-05-2011,16:03:31,nok
www.downforeveryoneorjustme.com,16-05-2011,16:04:15,nok
www.download.com,16-05-2011,16:04:20,ok
www.downxia.com,16-05-2011,16:04:21,ok
www.dropbox.com,16-05-2011,16:04:23,nok
www.drtuber.com,16-05-2011,16:04:25,nok
www.dtiblog.com,16-05-2011,16:05:40,nok
www.dti.ne.jp,16-05-2011,16:04:57,ok
www.dtiserv2.com,16-05-2011,16:06:24,nok
www.duga.jp,16-05-2011,16:06:26,nok
www.dumpert.nl,16-05-2011,16:06:28,ok
www.dw-world.de,16-05-2011,16:06:31,nok
www.dxlive.com,16-05-2011,16:07:14,nok
www.dy2018.net,16-05-2011,16:07:17,ok
www.dygod.net,16-05-2011,16:07:21,ok
www.dyndns.com,16-05-2011,16:07:22,ok
www.e2ma.net,16-05-2011,16:07:35,ok
www.ea.com,16-05-2011,16:07:38,ok
www.ebay.com,16-05-2011,16:07:40,ok
www.ebookbrowse.com,16-05-2011,16:07:42,nok
www.ed.ac.uk,16-05-2011,16:07:46,ok
www.edublogs.org,16-05-2011,16:09:54,nok
www.een.be,16-05-2011,16:09:57,ok
www.eff.org,16-05-2011,16:09:59,ok
www.efnet.org,16-05-2011,16:10:02,ok
www.egooad.com,16-05-2011,16:10:04,ok
www.elmundodeportivo.es,16-05-2011,16:10:06,ok
www.elog-ch.com,16-05-2011,16:10:07,ok
www.empflix.com,16-05-2011,16:10:51,nok
www.engadget.com,16-05-2011,16:11:23,ok
www.epochtimes.com,16-05-2011,16:12:06,nok
www.e-travel.com,16-05-2011,16:07:27,ok
www.europeancasinoassociation.org,16-05-2011,16:12:09,ok
www.eventful.com,16-05-2011,16:12:11,nok
www.evidus.com,16-05-2011,16:12:16,ok
www.exploader.net,16-05-2011,16:13:00,nok
www.extratorrent.com,16-05-2011,16:13:21,ok
www.extremetube.com,16-05-2011,16:13:23,nok
www.eyny.com,16-05-2011,16:13:46,ok
www.eztv.it,16-05-2011,16:13:52,ok
www.facebook.com,16-05-2011,16:13:54,nok
www.fahrinfo-berlin.de,16-05-2011,16:13:59,ok
www.fakku.net,16-05-2011,16:14:43,nok
www.fandango.com,16-05-2011,16:15:07,ok
www.fantong.com,16-05-2011,16:15:07,ok
www.fao.org,16-05-2011,16:15:15,ok
www.fastpic.ru,16-05-2011,16:15:59,nok
www.favotter.net,16-05-2011,16:16:43,nok
www.favstar.fm,16-05-2011,16:17:27,nok
www.fbcdn.net,16-05-2011,16:17:29,nok
www.fbi.gov,16-05-2011,16:17:46,ok
www.fc2.com,16-05-2011,16:17:48,nok
www.fda.gov,16-05-2011,16:17:52,ok
www.fedoraproject.org,16-05-2011,16:18:00,ok
www.feedburner.com,16-05-2011,16:18:06,ok
www.femjoy.com,16-05-2011,16:18:07,nok
www.filesend.to,16-05-2011,16:18:19,ok
www.fileserve.com,16-05-2011,16:18:21,ok
www.filestube.com,16-05-2011,16:18:23,ok
www.filmstarts.de,16-05-2011,16:18:28,ok
www.flagfox.net,16-05-2011,16:19:12,nok
www.flashgames.it,16-05-2011,16:19:13,nok
www.flashwing.net,16-05-2011,16:19:15,ok
www.fleshbot.com,16-05-2011,16:19:17,nok
www.flickr.com,16-05-2011,16:19:18,ok
www.flipkart.com,16-05-2011,16:19:31,ok
www.flyaerlingus.com,16-05-2011,16:19:34,ok
www.flycell.com.br,16-05-2011,16:19:39,ok
www.fnismls.com,16-05-2011,16:19:41,ok
www.fooooo.com,16-05-2011,16:19:43,nok
www.forum.hr,16-05-2011,16:19:49,ok
www.fotocasa.es,16-05-2011,16:20:32,nok
www.foursquare.com,16-05-2011,16:20:36,ok
www.foxtab.com,16-05-2011,16:20:38,ok
www.freakshare.com,16-05-2011,16:20:40,nok
www.free.fr,16-05-2011,16:20:42,nok
www.freelotto.com,16-05-2011,16:20:44,ok
www.freenode.net,16-05-2011,16:20:46,ok
www.freepornofreeporn.com,16-05-2011,16:20:49,nok
www.freeridegames.com,16-05-2011,16:20:58,ok
www.freeservers.com,16-05-2011,16:21:42,nok
www.freetibet.org,16-05-2011,16:22:26,nok
www.freewebs.com,16-05-2011,16:22:29,ok
www.friendfeed.com,16-05-2011,16:22:32,nok
www.friendfeed-media.com,16-05-2011,16:22:31,nok
www.friendster.com,16-05-2011,16:22:34,ok
www.fruitmail.net,16-05-2011,16:22:39,ok
www.ftchinese.com,16-05-2011,16:22:48,ok
www.fujitv.co.jp,16-05-2011,16:22:50,ok
www.fulltiltpoker.com,16-05-2011,16:22:52,nok
www.gad.de,16-05-2011,16:22:55,ok
www.galeon.com,16-05-2011,16:23:39,nok
www.gamebase.com.tw,16-05-2011,16:23:41,nok
www.gamer.com.tw,16-05-2011,16:24:25,nok
www.gamerp.jp,16-05-2011,16:25:09,nok
www.gametrailers.com,16-05-2011,16:25:14,ok
www.gameva.net,16-05-2011,16:25:16,ok
www.gather.com,16-05-2011,16:25:59,nok
www.gaytube.com,16-05-2011,16:26:01,ok
www.gazzetta.it,16-05-2011,16:26:05,ok
www.gc.ca,16-05-2011,16:26:07,ok
www.gdb.com.cn,16-05-2011,16:26:10,ok
www.geekonaute.fr,16-05-2011,16:26:53,nok
www.geenstijl.nl,16-05-2011,16:26:55,ok
www.generation-nt.com,16-05-2011,16:27:04,ok
www.gentoo.org,16-05-2011,16:27:07,ok
www.geocities.co.jp,16-05-2011,16:29:15,nok
www.geocities.jp,16-05-2011,16:31:22,nok
www.getiton.com,16-05-2011,16:31:25,nok
www.getminted.com,16-05-2011,16:31:28,ok
www.getuploader.com,16-05-2011,16:32:11,nok
www.gigporno.ru,16-05-2011,16:32:21,nok
www.github.com,16-05-2011,16:32:26,ok
www.gizmodo.com,16-05-2011,16:32:28,ok
www.gizmodo.jp,16-05-2011,16:32:30,ok
www.gmailblog.blogspot.com,16-05-2011,16:32:33,nok
www.gmxattachments.net,16-05-2011,16:32:48,ok
www.gmx.de,16-05-2011,16:32:38,ok
www.gmx.net,16-05-2011,16:32:43,ok
www.gnupg.org,16-05-2011,16:32:50,ok
www.go2cloud.org,16-05-2011,16:32:55,ok
www.gob.ve,16-05-2011,16:33:38,nok
www.go.com,16-05-2011,16:32:53,ok
www.gocsgo.com,16-05-2011,16:33:39,nok
www.godaddy.com,16-05-2011,16:33:42,ok
www.godgame.com.tw,16-05-2011,16:33:43,ok
www.goodreads.com,16-05-2011,16:34:27,nok
www.googleadservices.com,16-05-2011,16:35:01,ok
www.googleartproject.com,16-05-2011,16:35:45,nok
www.google.be,16-05-2011,16:34:28,ok
www.googleblog.blogspot.com,16-05-2011,16:35:47,nok
www.google.cn,16-05-2011,16:34:30,ok
www.google.co.in,16-05-2011,16:34:32,ok
www.google.co.jp,16-05-2011,16:34:33,ok
www.google.com,16-05-2011,16:34:40,ok
www.google.com.au,16-05-2011,16:34:42,ok
www.google.com.hk,16-05-2011,16:34:45,ok
www.google.com.pk,16-05-2011,16:34:47,ok
www.google.com.sg,16-05-2011,16:34:49,ok
www.google.com.tr,16-05-2011,16:34:50,ok
www.google.co.th,16-05-2011,16:34:36,ok
www.google.co.uk,16-05-2011,16:34:37,ok
www.google.de,16-05-2011,16:34:52,ok
www.google.fr,16-05-2011,16:34:54,ok
www.google.it,16-05-2011,16:34:56,ok
www.google.nl,16-05-2011,16:34:57,ok
www.googlesystem.blogspot.com,16-05-2011,16:35:49,nok
www.googlewebmastercentral.blogspot.com,16-05-2011,16:35:51,nok
www.gotgayporn.com,16-05-2011,16:35:54,ok
www.gougou.com,16-05-2011,16:35:56,ok
www.gov.on.ca,16-05-2011,16:35:58,ok
www.gowalla.com,16-05-2011,16:36:01,ok
www.gpoint.co.jp,16-05-2011,16:36:03,ok
www.gpotato.eu,16-05-2011,16:36:46,nok
www.gravatar.com,16-05-2011,16:36:52,ok
www.greatfirewallofchina.org,16-05-2011,16:36:57,nok
www.greedytorrent.com,16-05-2011,16:36:58,ok
www.grindtv.com,16-05-2011,16:36:59,nok
www.grooveshark.com,16-05-2011,16:37:51,ok
www.growl.info,16-05-2011,16:37:53,ok
www.grupobancolombia.com,16-05-2011,16:37:55,ok
www.gruposantander.es,16-05-2011,16:37:56,ok
www.guardian.co.uk,16-05-2011,16:38:01,ok
www.gutteruncensorednewsb.blogspot.com,16-05-2011,16:38:03,nok
www.gva.be,16-05-2011,16:38:07,ok
www.gyyx.cn,16-05-2011,16:38:11,ok
www.hackforums.net,16-05-2011,16:39:36,nok
www.halifax-online.co.uk,16-05-2011,16:39:44,ok
www.hao722.cn,16-05-2011,16:39:50,ok
www.harborfreight.com,16-05-2011,16:39:54,ok
www.hattrick.org,16-05-2011,16:40:00,ok
www.hbs.edu,16-05-2011,16:40:02,ok
www.hbvl.be,16-05-2011,16:40:06,ok
www.hdouga.com,16-05-2011,16:40:11,ok
www.hd-torrents.org,16-05-2011,16:40:09,ok
www.hgtv.com,16-05-2011,16:40:13,nok
www.hi5.com,16-05-2011,16:40:16,ok
www.hidemyass.com,16-05-2011,16:41:00,nok
www.hi-ho.ne.jp,16-05-2011,16:40:14,ok
www.hinet.net,16-05-2011,16:41:01,ok
www.hip2save.com,16-05-2011,16:41:04,ok
www.hkgolden.com,16-05-2011,16:41:48,nok
www.hkjc.com,16-05-2011,16:42:32,nok
www.hkreporter.com,16-05-2011,16:45:22,nok
www.hmrc.gov.uk,16-05-2011,16:45:30,ok
www.home.ne.jp,16-05-2011,16:45:34,ok
www.honda.co.jp,16-05-2011,16:45:36,ok
www.hootsuite.com,16-05-2011,16:45:59,nok
www.hotfile123.com,16-05-2011,16:46:10,ok
www.hotfile.com,16-05-2011,16:46:00,ok
www.hotmail.com,16-05-2011,16:46:13,ok
www.hp.com,16-05-2011,16:46:20,ok
www.huffingtonpost.com,16-05-2011,16:46:36,ok
www.hulu.com,16-05-2011,16:46:37,nok
www.hyves.nl,16-05-2011,16:46:45,ok
www.ibibo.com,16-05-2011,16:46:49,nok
www.ibm.com,16-05-2011,16:46:53,ok
www.icbc.com.cn,16-05-2011,16:46:55,ok
www.icisleri.gov.tr,16-05-2011,16:47:07,ok
www.identi.ca,16-05-2011,16:47:09,nok
www.idlebox.net,16-05-2011,16:47:12,ok
www.ign.com,16-05-2011,16:47:19,ok
www.ignou.ac.in,16-05-2011,16:47:30,ok
www.i-like-movie.com,16-05-2011,16:46:46,ok
www.ilmessaggero.it,16-05-2011,16:47:33,ok
www.imagerise.com,16-05-2011,16:47:37,ok
www.imageshack.us,16-05-2011,16:47:39,ok
www.imagevenue.com,16-05-2011,16:51:11,nok
www.imdb.com,16-05-2011,16:51:13,nok
www.imgur.com,16-05-2011,16:51:15,ok
www.indiatimes.com,16-05-2011,16:51:23,ok
www.infojobs.com.br,16-05-2011,16:51:27,ok
www.inhetnieuws.nl,16-05-2011,16:51:32,ok
www.inps.it,16-05-2011,16:51:35,ok
www.instagr.am,16-05-2011,16:51:36,ok
www.instagram.com,16-05-2011,16:51:38,ok
www.i-part.com.tw,16-05-2011,16:46:48,ok
www.irail.be,16-05-2011,16:51:41,ok
www.irail.nl,16-05-2011,16:51:45,ok
www.ircnet.org,16-05-2011,16:51:46,ok
www.irs.gov,16-05-2011,16:51:50,ok
www.isohunt.com,16-05-2011,16:51:52,nok
www.itmedia.co.jp,16-05-2011,16:51:58,ok
www.itprofessional.be,16-05-2011,16:52:02,ok
www.its-mo.com,16-05-2011,16:52:03,ok
www.iza.ne.jp,16-05-2011,16:52:07,ok
www.izlesene.com,16-05-2011,16:52:50,nok
www.jabber.org,16-05-2011,16:52:53,ok
www.jalopnik.com,16-05-2011,16:52:55,ok
www.japannetbank.co.jp,16-05-2011,16:53:00,ok
www.japantimes.co.jp,16-05-2011,16:53:03,ok
www.jfdaily.com,16-05-2011,16:53:05,ok
www.jinzhao99.com,16-05-2011,16:53:07,ok
www.jma.go.jp,16-05-2011,16:53:08,ok
www.jobrapido.de,16-05-2011,16:53:11,ok
www.johnnys-net.jp,16-05-2011,16:53:13,ok
www.joindiaspora.com,16-05-2011,16:53:16,ok
www.joomlaworks.gr,16-05-2011,16:53:20,ok
www.joomlaxtc.com,16-05-2011,16:53:21,nok
www.jra.go.jp,16-05-2011,16:53:28,ok
www.jreast.co.jp,16-05-2011,16:53:30,ok
www.jr-odekake.net,16-05-2011,16:53:27,ok
www.jumptags.com,16-05-2011,16:53:36,ok
www.justunfollow.com,16-05-2011,16:54:20,nok
www.jz123.com,16-05-2011,16:54:23,ok
www.kajabi.com,16-05-2011,16:56:32,nok
www.kathimerini.gr,16-05-2011,16:56:55,ok
www.kddi.com,16-05-2011,16:56:56,ok
www.keezmovies.com,16-05-2011,16:57:00,ok
www.keio.ac.jp,16-05-2011,16:57:02,ok
www.kendincos.net,16-05-2011,16:57:04,nok
www.kickasstorrents.com,16-05-2011,16:57:08,ok
www.kinghost.com,16-05-2011,16:57:10,nok
www.kino.de,16-05-2011,16:57:52,nok
www.kir.jp,16-05-2011,16:57:54,ok
www.kkgame.cn,16-05-2011,16:57:57,ok
www.klikbca.com,16-05-2011,16:58:01,ok
www.klout.com,16-05-2011,16:58:05,ok
www.kuronekoyamato.co.jp,16-05-2011,16:58:06,ok
www.labnol.blogspot.com,16-05-2011,16:58:08,nok
www.ladbrokes.com,16-05-2011,16:58:52,nok
www.lalulalu.com,16-05-2011,16:59:36,nok
www.launches.net,16-05-2011,17:01:43,nok
www.ldblog.jp,16-05-2011,17:01:50,ok
www.lemonde.fr,16-05-2011,17:01:57,ok
www.lexilogos.com,16-05-2011,17:02:41,nok
www.libyafeb17.com,16-05-2011,17:02:43,ok
www.lifehacker.com,16-05-2011,17:02:47,ok
www.limetorrents.com,16-05-2011,17:02:54,ok
www.linkedin.com,16-05-2011,17:02:55,ok
www.linkhelper.cn,16-05-2011,17:03:04,ok
www.linux.com,16-05-2011,17:03:07,ok
www.linuxquestions.org,16-05-2011,17:03:09,ok
www.liputan6.com,16-05-2011,17:04:12,ok
www.live.com,16-05-2011,17:04:15,ok
www.livejasmin.com,16-05-2011,17:04:16,ok
www.livejournal.com,16-05-2011,17:04:18,ok
www.liveperson.net,16-05-2011,17:04:20,ok
www.livestation.com,16-05-2011,17:04:23,nok
www.livestream.com,16-05-2011,17:04:25,ok
www.livevideo.com,16-05-2011,17:04:27,nok
www.lloydstsb.co.uk,16-05-2011,17:04:31,ok
www.loadays.org,16-05-2011,17:04:33,ok
www.logmein.com,16-05-2011,17:04:38,ok
www.lulzimg.com,16-05-2011,17:04:39,nok
www.lustyguide.com,16-05-2011,17:04:40,nok
www.lxde.org,16-05-2011,17:04:43,ok
www.macnews.de,16-05-2011,17:04:50,ok
www.mademan.com,16-05-2011,17:04:52,ok
www.madrid.org,16-05-2011,17:04:56,ok
www.mail-archive.com,16-05-2011,17:05:41,nok
www.mail.ru,16-05-2011,17:05:46,ok
www.mai-net.net,16-05-2011,17:04:58,ok
www.marieclairechina.com,16-05-2011,17:05:50,ok
www.mashable.com,16-05-2011,17:06:34,nok
www.maybank2u.com.my,16-05-2011,17:06:37,ok
www.mcdonalds.co.jp,16-05-2011,17:06:40,ok
www.mcgill.ca,16-05-2011,17:06:42,ok
www.meb.gov.tr,16-05-2011,17:06:51,ok
www.mec.es,16-05-2011,17:06:55,ok
www.mec.gov.br,16-05-2011,17:06:57,ok
www.mediafire.com,16-05-2011,17:06:59,ok
www.mediaset.it,16-05-2011,17:07:01,ok
www.meetup.com,16-05-2011,17:07:45,nok
www.mefeedia.com,16-05-2011,17:07:46,nok
www.megaporn.com,16-05-2011,17:07:48,nok
www.megatv.com,16-05-2011,17:07:51,ok
www.megaupload.com,16-05-2011,17:07:53,ok
www.megavideo.com,16-05-2011,17:08:37,nok
www.metacafe.com,16-05-2011,17:08:39,nok
www.mhlw.go.jp,16-05-2011,17:08:49,ok
www.microsoft.com,16-05-2011,17:08:52,ok
www.microsofttranslator.com,16-05-2011,17:08:56,ok
www.mihanblog.com,16-05-2011,17:09:01,ok
www.miiatech.com,16-05-2011,17:09:04,ok
www.miibeian.gov.cn,16-05-2011,17:09:06,ok
www.miitbeian.gov.cn,16-05-2011,17:09:08,ok
www.minghui.org,16-05-2011,17:09:10,nok
www.mingpao.com,16-05-2011,17:09:12,nok
www.mitbbs.com,16-05-2011,17:09:56,nok
www.mixx.com,16-05-2011,17:09:58,nok
www.mizuhobank.co.jp,16-05-2011,17:10:00,ok
www.mlit.go.jp,16-05-2011,17:10:04,ok
www.mlxchange.com,16-05-2011,17:10:06,ok
www.mmaaxx.com,16-05-2011,17:10:50,nok
www.mobile01.com,16-05-2011,17:10:52,nok
www.mobypicture.com,16-05-2011,17:10:54,nok
www.modernizr.com,16-05-2011,17:11:39,nok
www.mohegunsun.com,16-05-2011,17:11:41,ok
www.momoshop.com.tw,16-05-2011,17:11:47,ok
www.moviegalleri.in,16-05-2011,17:12:31,nok
www.movies.com,16-05-2011,17:12:39,ok
www.mris.com,16-05-2011,17:12:43,ok
www.msn.com,16-05-2011,17:12:45,ok
www.mt-50.com,16-05-2011,17:12:53,ok
www.mtv.com,16-05-2011,17:13:38,nok
www.muare.vn,16-05-2011,17:13:41,ok
www.multiply.com,16-05-2011,17:15:07,nok
www.multiupload.com,16-05-2011,17:15:09,nok
www.mybrowserbar.com,16-05-2011,17:15:10,ok
www.mycom.co.jp,16-05-2011,17:15:11,ok
www.mylovewebs.cn,16-05-2011,17:15:56,nok
www.mymodernmet.com,16-05-2011,17:15:58,ok
www.myspace.com,16-05-2011,17:16:03,ok
www.myvideo.de,16-05-2011,17:16:47,nok
www.myyearbook.com,16-05-2011,17:16:47,nok
www.nakadashi.to,16-05-2011,17:16:48,ok
www.namipan.com,16-05-2011,17:16:49,ok
www.narod.ru,16-05-2011,17:16:52,ok
www.nasa.gov,16-05-2011,17:16:55,ok
www.nastyvideotube.com,16-05-2011,17:17:01,ok
www.navitime.co.jp,16-05-2011,17:17:02,ok
www.navy.mil,16-05-2011,17:17:03,ok
www.neopets.com,16-05-2011,17:17:06,ok
www.netflix.com,16-05-2011,17:17:08,ok
www.netlog.be,16-05-2011,17:17:13,ok
www.netmile.co.jp,16-05-2011,17:17:25,ok
www.netsolhost.com,16-05-2011,17:18:10,nok
www.netteller.com,16-05-2011,17:18:12,ok
www.network54.com,16-05-2011,17:18:17,nok
www.networkedblogs.com,16-05-2011,17:19:01,nok
www.netzpolitik.org,16-05-2011,17:19:05,ok
www.news-postseven.com,16-05-2011,17:19:07,ok
www.nexon.co.jp,16-05-2011,17:21:14,nok
www.nfdaily.cn,16-05-2011,17:21:17,ok
www.nhk.or.jp,16-05-2011,17:21:19,ok
www.nick.com,16-05-2011,17:22:03,nok
www.nickdemey.be,16-05-2011,17:22:08,ok
www.nickjr.com,16-05-2011,17:22:11,ok
www.nicovideo.jp,16-05-2011,17:22:55,nok
www.nieuwsblad.be,16-05-2011,17:22:59,ok
www.nii.ac.jp,16-05-2011,17:23:06,ok
www.nikkansports.com,16-05-2011,17:23:12,ok
www.nikkei.co.jp,16-05-2011,17:23:27,ok
www.ning.com,16-05-2011,17:23:29,ok
www.nintendo.com,16-05-2011,17:23:31,ok
www.nocookie.net,16-05-2011,17:23:32,ok
www.nothingtoxic.com,16-05-2011,17:24:17,nok
www.noticias3d.com,16-05-2011,17:24:20,ok
www.nps.gov,16-05-2011,17:24:22,nok
www.nrk.no,16-05-2011,17:25:06,nok
www.nta.go.jp,16-05-2011,17:25:09,ok
www.nttdocomo.co.jp,16-05-2011,17:25:10,ok
www.ntu.edu.tw,16-05-2011,17:25:11,ok
www.ntv.co.jp,16-05-2011,17:25:22,ok
www.nytimes.com,16-05-2011,17:25:24,ok
www.occ.com.mx,16-05-2011,17:26:08,nok
www.ocn.ne.jp,16-05-2011,17:26:16,ok
www.ocxxx.com,16-05-2011,17:26:18,nok
www.ofertix.com,16-05-2011,17:26:20,ok
www.okaz.com.sa,16-05-2011,17:26:25,ok
www.onani-daisuki.com,16-05-2011,17:26:26,ok
www.onlae.es,16-05-2011,17:26:29,ok
www.onlinecasinoking.com,16-05-2011,17:26:36,ok
www.onlinecasinoplaygames.com,16-05-2011,17:26:38,ok
www.onlinecreditcenter6.com,16-05-2011,17:26:40,ok
www.online.sh.cn,16-05-2011,17:26:30,ok
www.open.ac.uk,16-05-2011,17:26:42,ok
www.opendemocracy.net,16-05-2011,17:27:26,nok
www.openpr.de,16-05-2011,17:27:27,nok
www.opensubtitles.net,16-05-2011,17:27:36,ok
www.opensuse.org,16-05-2011,17:27:40,ok
www.orange-hiyoko.blogspot.com,16-05-2011,17:27:42,nok
www.orbooks.com,16-05-2011,17:27:44,ok
www.oricon.co.jp,16-05-2011,17:27:47,ok
www.orkut.com,16-05-2011,17:27:51,ok
www.oursogo.com,16-05-2011,17:27:53,nok
www.overture.com,16-05-2011,17:28:09,ok
www.ow.ly,16-05-2011,17:28:09,nok
www.p5w.net,16-05-2011,17:28:14,ok
www.pacificpoker.com,16-05-2011,17:28:17,nok
www.pacopacomama.com,16-05-2011,17:29:01,nok
www.pagerage.com,16-05-2011,17:29:03,ok
www.pagesperso-orange.fr,16-05-2011,17:29:06,ok
www.pandora.tv,16-05-2011,17:29:08,nok
www.paper.li,16-05-2011,17:29:13,nok
www.pap.fr,16-05-2011,17:29:12,ok
www.parentsconnect.com,16-05-2011,17:29:21,ok
www.partycasino.com,16-05-2011,17:29:23,nok
www.partypoker.com,16-05-2011,17:29:26,nok
www.partypoker.fr,16-05-2011,17:29:32,ok
www.passion.com,16-05-2011,17:30:16,nok
www.payamsara.com,16-05-2011,17:30:18,ok
www.paypal.be,16-05-2011,17:30:34,ok
www.paypal.com,16-05-2011,17:30:39,ok
www.paypal-shopping.com,16-05-2011,17:30:27,ok
www.pbworks.com,16-05-2011,17:32:05,nok
www.perfspot.com,16-05-2011,17:32:48,nok
www.photobucket.com,16-05-2011,17:32:53,ok
www.photosex.biz,16-05-2011,17:32:54,nok
www.phpnuke.ir,16-05-2011,17:34:21,nok
www.php.su,16-05-2011,17:33:38,nok
www.phpwind.com,16-05-2011,17:34:23,ok
www.pichunter.com,16-05-2011,17:34:25,ok
www.pimpandhost.com,16-05-2011,17:35:09,nok
www.ping.fm,16-05-2011,17:35:53,nok
www.pixnet.net,16-05-2011,17:35:54,nok
www.planet23.com,16-05-2011,17:35:56,ok
www.playboy.com,16-05-2011,17:36:04,ok
www.plurk.com,16-05-2011,17:36:06,nok
www.pocket-lint.com,16-05-2011,17:36:09,ok
www.pokerclub.be,16-05-2011,17:36:15,ok
www.poker.com,16-05-2011,17:36:10,nok
www.pokerlistings.com,16-05-2011,17:36:20,ok
www.pokernews.com,16-05-2011,17:36:21,ok
www.pokerstars.com,16-05-2011,17:36:23,ok
www.pontofrio.com.br,16-05-2011,17:36:29,ok
www.poppen.de,16-05-2011,17:37:54,nok
www.pornhub.com,16-05-2011,17:37:57,ok
www.pornoxo.com,16-05-2011,17:37:59,nok
www.porntube.com,16-05-2011,17:38:01,nok
www.pornvisit.com,16-05-2011,17:38:03,nok
www.posterous.com,16-05-2011,17:38:05,nok
www.prefetch.net,16-05-2011,17:38:06,ok
www.premierleague.com,16-05-2011,17:38:12,ok
www.privet.ru,16-05-2011,17:38:56,nok
www.productlaunchformula.com,16-05-2011,17:41:06,nok
www.programmingforums.org,16-05-2011,17:41:10,ok
www.ps3iso.com,16-05-2011,17:41:13,ok
www.publicidees.com,16-05-2011,17:41:16,ok
www.pudelek.pl,16-05-2011,17:41:21,ok
www.pussy.org,16-05-2011,17:41:28,ok
www.p-world.co.jp,16-05-2011,17:28:11,ok
www.qeedoo.com,16-05-2011,17:41:34,ok
www.qibosoft.com,16-05-2011,17:41:36,ok
www.qq937.com,16-05-2011,17:41:40,ok
www.qq.com,16-05-2011,17:41:38,ok
www.qqnz.com,16-05-2011,17:41:41,ok
www.qqtn.com,16-05-2011,17:41:42,ok
www.quakenet.org,16-05-2011,17:41:45,ok
www.quora.com,16-05-2011,17:41:46,ok
www.qwerly.com,16-05-2011,17:41:48,ok
www.r1fclick.com,16-05-2011,17:41:50,ok
www.rackerhacker.com,16-05-2011,17:41:52,ok
www.radaris.com,16-05-2011,17:41:55,ok
www.rakuten.com,16-05-2011,17:42:09,ok
www.rakuten-kc.co.jp,16-05-2011,17:42:05,ok
www.rakuten.ne.jp,16-05-2011,17:42:11,ok
www.rapidshare.com,16-05-2011,17:42:15,ok
www.reddit.com,16-05-2011,17:42:19,ok
www.redhat.com,16-05-2011,17:42:21,ok
www.redtube.com,16-05-2011,17:42:23,nok
www.refactormycode.com,16-05-2011,17:44:32,nok
www.reference.com,16-05-2011,17:44:36,ok
www.replays.net,16-05-2011,17:44:37,ok
www.repubblica.it,16-05-2011,17:44:42,ok
www.republika.co.id,16-05-2011,17:44:45,ok
www.reuters.com,16-05-2011,17:44:48,ok
www.rfi.fr,16-05-2011,17:44:50,nok
www.rightmediaptc.com,16-05-2011,17:44:52,ok
www.rikunabi.com,16-05-2011,17:44:53,ok
www.rising.cn,16-05-2011,17:44:54,ok
www.rising.com.cn,16-05-2011,17:44:56,ok
www.rizon.net,16-05-2011,17:44:57,ok
www.robotstxt.org,16-05-2011,17:44:59,ok
www.rootspirit.com,16-05-2011,17:45:01,ok
www.rootspirit.info,16-05-2011,17:45:05,ok
www.rosettacode.org,16-05-2011,17:45:08,ok
www.rsf-chinese.org,16-05-2011,17:45:54,nok
www.rs-online.com,16-05-2011,17:45:11,ok
www.rubias19.com,16-05-2011,17:45:57,nok
www.ruiidc.com,16-05-2011,17:45:58,ok
www.rutube.ru,16-05-2011,17:46:01,nok
www.sagawa-exp.co.jp,16-05-2011,17:46:04,ok
www.saic.gov.cn,16-05-2011,17:46:06,ok
www.saisoncard.co.jp,16-05-2011,17:46:07,ok
www.sandai.net,16-05-2011,17:46:11,ok
www.sanspo.com,16-05-2011,17:46:14,ok
www.savings.com,16-05-2011,17:46:18,ok
www.sbisec.co.jp,16-05-2011,17:46:21,ok
www.scbeasy.com,16-05-2011,17:46:24,ok
www.scribd.com,16-05-2011,17:46:28,ok
www.secureserver.net,16-05-2011,17:47:14,nok
www.secure-softwaremanager.com,16-05-2011,17:46:29,ok
www.seedit.com,16-05-2011,17:47:15,ok
www.seesmic.com,16-05-2011,17:48:40,nok
www.segundamano.com.mx,16-05-2011,17:48:44,ok
www.segye.com,16-05-2011,17:48:47,ok
www.seoul.co.kr,16-05-2011,17:49:07,ok
www.sep.gob.mx,16-05-2011,17:49:10,ok
www.serverfault.com,16-05-2011,17:49:13,ok
www.sevenload.com,16-05-2011,17:49:16,nok
www.sex141.com,16-05-2011,17:49:19,nok
www.sexandsubmission.com,16-05-2011,17:49:21,nok
www.sexbot.com,16-05-2011,17:49:23,nok
www.sexpixbox.com,16-05-2011,17:50:07,nok
www.sharp.co.jp,16-05-2011,17:50:12,ok
www.shejis.com,16-05-2011,17:50:13,ok
www.shendu.cc,16-05-2011,17:50:14,ok
www.shockwave.com,16-05-2011,17:50:23,ok
www.shopch.jp,16-05-2011,17:50:56,ok
www.shoptime.com.br,16-05-2011,17:50:59,ok
www.showtime.jp,16-05-2011,17:51:43,nok
www.shufoo.net,16-05-2011,17:51:44,ok
www.sinaapp.com,16-05-2011,17:51:51,ok
www.sina.com.cn,16-05-2011,17:51:47,ok
www.singaporepools.com.sg,16-05-2011,17:51:53,nok
www.singtaonet.com,16-05-2011,17:51:55,ok
www.sistrix.com,16-05-2011,17:51:58,ok
www.skyhookwireless.com,16-05-2011,17:52:00,ok
www.skype.com,16-05-2011,17:52:05,ok
www.slashdot.org,16-05-2011,17:52:09,ok
www.slideshare.com,16-05-2011,17:52:12,ok
www.smbc-card.com,16-05-2011,17:52:13,ok
www.smbc.co.jp,16-05-2011,17:52:14,ok
www.smgbb.cn,16-05-2011,17:52:17,ok
www.snipt.net,16-05-2011,17:52:18,ok
www.sod.co.jp,16-05-2011,17:52:27,ok
www.softonic.it,16-05-2011,17:52:44,ok
www.softwaregeek.com,16-05-2011,17:52:47,ok
www.songkick.com,16-05-2011,17:52:49,ok
www.soundclick.com,16-05-2011,17:53:33,nok
www.soup.io,16-05-2011,17:54:16,nok
www.sourceforge.net,16-05-2011,17:54:22,ok
www.southparkstudios.com,16-05-2011,17:54:25,ok
www.spdb.com.cn,16-05-2011,17:54:34,ok
www.sp.gov.br,16-05-2011,17:54:33,ok
www.sphere.ws,16-05-2011,17:54:38,ok
www.spiegel.de,16-05-2011,17:54:42,ok
www.spike.com,16-05-2011,17:54:44,nok
www.sponichi.co.jp,16-05-2011,17:54:46,ok
www.sport-fm.gr,16-05-2011,17:54:56,ok
www.square-enix.co.jp,16-05-2011,17:54:58,ok
www.stackoverflow.com,16-05-2011,17:55:02,ok
www.standaard.be,16-05-2011,17:55:06,ok
www.stargames.at,16-05-2011,17:55:10,ok
www.startssl.com,16-05-2011,17:55:17,ok
www.state.nj.us,16-05-2011,17:55:19,ok
www.state.ny.us,16-05-2011,17:55:22,ok
www.state.tx.us,16-05-2011,17:55:27,ok
www.stern.de,16-05-2011,17:55:38,ok
www.stickam.com,16-05-2011,17:56:22,nok
www.stileproject.com,16-05-2011,17:56:24,nok
www.stockhouse.com,16-05-2011,17:56:28,ok
www.sto-express.com.cn,16-05-2011,17:56:26,ok
www.storify.com,16-05-2011,17:56:30,ok
www.stubru.be,16-05-2011,17:56:33,ok
www.stumbleupon.com,16-05-2011,17:56:34,ok
www.submityourflicks.com,16-05-2011,17:56:36,ok
www.submityourtapes.com,16-05-2011,17:56:38,ok
www.summify.com,16-05-2011,17:56:40,ok
www.suntory.co.jp,16-05-2011,17:56:42,ok
www.superuser.com,16-05-2011,17:56:46,ok
www.sweetnote.com,16-05-2011,17:56:47,ok
www.syd.com.cn,16-05-2011,17:56:50,ok
www.sytes.net,16-05-2011,17:56:52,nok
www.t35.com,16-05-2011,17:58:19,nok
www.tagged.com,16-05-2011,17:58:20,ok
www.taiwanlottery.com.tw,16-05-2011,17:58:22,ok
www.talktalk.co.uk,16-05-2011,17:58:27,ok
www.tanea.gr,16-05-2011,17:58:32,ok
www.taobao.com,16-05-2011,17:58:34,ok
www.tbs.co.jp,16-05-2011,17:58:37,ok
www.t.co,16-05-2011,17:57:35,nok
www.teambuy.com.cn,16-05-2011,17:58:38,ok
www.teamku.com,16-05-2011,17:58:40,ok
www.techcrunch.com,16-05-2011,17:58:43,ok
www.technorati.com,16-05-2011,17:58:45,nok
www.techonthenet.com,16-05-2011,17:58:47,ok
www.ted.com,16-05-2011,17:58:49,ok
www.teenburg.com,16-05-2011,17:58:50,nok
www.teenie-pics.com,16-05-2011,17:59:33,nok
www.teennick.com,16-05-2011,17:59:36,ok
www.tek-tips.com,16-05-2011,18:00:20,nok
www.tempalias.com,16-05-2011,18:00:22,ok
www.thedailyshow.com,16-05-2011,18:01:07,nok
www.thenextweb.com,16-05-2011,18:01:09,ok
www.theonion.com,16-05-2011,18:01:13,ok
www.thepiratebay.org,16-05-2011,18:01:57,nok
www.thesartorialist.blogspot.com,16-05-2011,18:01:59,nok
www.thesixtyone.com,16-05-2011,18:02:01,ok
www.thisav.com,16-05-2011,18:02:03,nok
www.thisis50.com,16-05-2011,18:02:05,ok
www.tibet.com,16-05-2011,18:02:49,nok
www.tibet.net,16-05-2011,18:03:33,nok
www.tibet.org,16-05-2011,18:04:18,nok
www.tiete.be,16-05-2011,18:04:20,ok
www.tiete.eu,16-05-2011,18:04:22,ok
www.tiete.org,16-05-2011,18:04:23,ok
www.tijd.be,16-05-2011,18:04:32,ok
www.timsah.com,16-05-2011,18:05:15,nok
www.tinychat.com,16-05-2011,18:05:59,nok
www.tipete.com,16-05-2011,18:06:02,ok
www.tmi.me,16-05-2011,18:06:04,nok
www.tnaflix.com,16-05-2011,18:06:07,ok
www.tns-global.com,16-05-2011,18:06:11,ok
www.tocka.com.mk,16-05-2011,18:06:13,ok
www.togetter.com,16-05-2011,18:06:56,nok
www.toluna.com,16-05-2011,18:07:00,ok
www.topsy.com,16-05-2011,18:07:01,nok
www.toranoana.jp,16-05-2011,18:07:03,ok
www.torrentfreak.com,16-05-2011,18:07:06,ok
www.torrentz.eu,16-05-2011,18:07:09,ok
www.toshiba.co.jp,16-05-2011,18:07:10,ok
www.tosp.co.jp,16-05-2011,18:07:54,nok
www.totallycoolpix.com,16-05-2011,18:07:58,ok
www.tovima.gr,16-05-2011,18:08:02,ok
www.tradus.in,16-05-2011,18:08:07,nok
www.trafficgate.net,16-05-2011,18:08:10,ok
www.treinreiziger.nl,16-05-2011,18:08:12,ok
www.trekearth.com,16-05-2011,18:08:16,ok
www.tro-ma-ktiko.blogspot.com,16-05-2011,18:08:18,nok
www.truveo.com,16-05-2011,18:08:20,nok
www.truvo.be,16-05-2011,18:08:24,ok
www.tsutaya.co.jp,16-05-2011,18:08:25,ok
www.ttdk2.com,16-05-2011,18:08:26,ok
www.tuaw.com,16-05-2011,18:08:35,ok
www.tube8.com,16-05-2011,18:08:37,ok
www.tubefire.com,16-05-2011,18:08:39,ok
www.tuinslak.be,16-05-2011,18:08:45,ok
www.tuinslak.eu,16-05-2011,18:08:49,ok
www.tuinslak.org,16-05-2011,18:08:54,ok
www.tumblr.com,16-05-2011,18:08:55,ok
www.tunisia-sat.com,16-05-2011,18:09:01,ok
www.tunnelbroker.net,16-05-2011,18:09:02,ok
www.tuttosport.com,16-05-2011,18:09:06,ok
www.tv-asahi.co.jp,16-05-2011,18:09:08,ok
www.tvboxnow.com,16-05-2011,18:09:56,nok
www.tv.com,16-05-2011,18:09:54,nok
www.tv-tokyo.co.jp,16-05-2011,18:09:10,ok
www.tweakers.net,16-05-2011,18:10:01,ok
www.tweetdeck.com,16-05-2011,18:10:04,nok
www.tweetmeme.com,16-05-2011,18:10:48,nok
www.tweetvite.com,16-05-2011,18:10:50,ok
www.twilog.org,16-05-2011,18:11:34,nok
www.twitlonger.com,16-05-2011,18:11:36,nok
www.twitoaster.com,16-05-2011,18:12:19,nok
www.twitpic.com,16-05-2011,18:13:03,nok
www.twitter.com,16-05-2011,18:15:10,nok
www.twittercounter.com,16-05-2011,18:15:54,nok
www.twitterfeed.com,16-05-2011,18:15:56,nok
www.twittergrader.com,16-05-2011,18:16:39,nok
www.twitvid.com,16-05-2011,18:16:41,nok
www.tyneso.com,16-05-2011,18:16:46,ok
www.typepad.com,16-05-2011,18:16:47,ok
www.uba.ar,16-05-2011,18:16:50,ok
www.ubuntu.com,16-05-2011,18:17:01,ok
www.ucm.es,16-05-2011,18:17:03,ok
www.udn.com,16-05-2011,18:17:05,nok
www.uk.to,16-05-2011,18:17:07,ok
www.unal.edu.co,16-05-2011,18:17:10,ok
www.uned.es,16-05-2011,18:17:12,ok
www.uni.cc,16-05-2011,18:17:13,nok
www.unicreditbanca.it,16-05-2011,18:17:17,ok
www.unionli.com,16-05-2011,18:17:18,ok
www.unix.com,16-05-2011,18:17:22,ok
www.unixguide.net,16-05-2011,18:17:23,ok
www.un.org,16-05-2011,18:17:08,ok
www.uoc.edu,16-05-2011,18:17:25,ok
www.upenn.edu,16-05-2011,18:17:27,ok
www.uploadshare.org,16-05-2011,18:17:29,ok
www.upublish.info,16-05-2011,18:17:31,nok
www.userbase.be,16-05-2011,18:17:41,ok
www.ustream.tv,16-05-2011,18:17:43,nok
www.u-tokyo.ac.jp,16-05-2011,18:16:49,ok
www.utoronto.ca,16-05-2011,18:17:45,ok
www.uueasy.com,16-05-2011,18:17:49,ok
www.value-domain.com,16-05-2011,18:17:51,ok
www.vandaag.be,16-05-2011,18:17:54,ok
www.vcricket.com,16-05-2011,18:17:56,ok
www.vdolady.com,16-05-2011,18:17:57,ok
www.vector.co.jp,16-05-2011,18:17:58,ok
www.veoh.com,16-05-2011,18:19:24,nok
www.vh1.com,16-05-2011,18:20:08,nok
www.videobb.com,16-05-2011,18:20:11,ok
www.videobox.com,16-05-2011,18:20:55,nok
www.videopress.com,16-05-2011,18:20:59,ok
www.viki.com,16-05-2011,18:21:01,ok
www.vimeo.com,16-05-2011,18:21:04,nok
www.vivo.com.br,16-05-2011,18:21:06,ok
www.vlc.org,16-05-2011,18:21:07,ok
www.vmoptions.com,16-05-2011,18:21:10,ok
www.voila.fr,16-05-2011,18:21:13,ok
www.vol777.com,16-05-2011,18:21:15,ok
www.voyage-prive.com,16-05-2011,18:21:19,ok
www.vozforums.com,16-05-2011,18:22:03,nok
www.vsa.com.cn,16-05-2011,18:22:04,ok
www.vsnl.net.in,16-05-2011,18:22:11,ok
www.wahas.com,16-05-2011,18:22:54,nok
www.walkernews.net,16-05-2011,18:22:57,ok
www.wanktube.com,16-05-2011,18:22:58,nok
www.washingtonpost.com,16-05-2011,18:23:01,ok
www.watanabepro.co.jp,16-05-2011,18:23:03,ok
www.watchmygf.net,16-05-2011,18:23:05,nok
www.wearehairy.com,16-05-2011,18:23:07,nok
www.webcams.com,16-05-2011,18:23:11,nok
www.web-directories.ws,16-05-2011,18:23:10,ok
www.webgame188.com,16-05-2011,18:23:15,ok
www.webhostingtalk.com,16-05-2011,18:23:18,ok
www.webhostingtalk.nl,16-05-2011,18:23:21,ok
www.webinknow.com,16-05-2011,18:23:25,ok
www.weble.org,16-05-2011,18:23:28,ok
www.webshots.com,16-05-2011,18:24:12,nok
www.websitegrader.com,16-05-2011,18:24:55,nok
www.websitetestlink.com,16-05-2011,18:24:56,ok
www.wenxuecity.com,16-05-2011,18:25:40,nok
www.wer-weiss-was.de,16-05-2011,18:25:45,ok
www.whatreallyhappened.com,16-05-2011,18:25:49,ok
www.which.co.uk,16-05-2011,18:25:51,ok
www.whitehouse.gov,16-05-2011,18:25:54,ok
www.wikileaks.ch,16-05-2011,18:25:56,ok
www.wikimapia.org,16-05-2011,18:25:58,nok
www.wikipedia.com,16-05-2011,18:26:01,ok
www.wikipedia.org,16-05-2011,18:26:03,ok
www.wikiwiki.jp,16-05-2011,18:26:04,ok
www.willhaben.at,16-05-2011,18:26:07,nok
www.wisevid.com,16-05-2011,18:26:50,nok
www.wizaz.pl,16-05-2011,18:27:34,nok
www.wn.com,16-05-2011,18:28:59,nok
www.woopie.jp,16-05-2011,18:29:43,nok
www.wordpress.com,16-05-2011,18:29:46,ok
www.wordpress.org,16-05-2011,18:29:50,ok
www.wow-europe.com,16-05-2011,18:29:55,ok
www.wpmudev.org,16-05-2011,18:30:39,nok
www.wretch.cc,16-05-2011,18:30:40,nok
www.writetoreply.org,16-05-2011,18:30:43,ok
www.wroclaw.pl,16-05-2011,18:30:44,ok
www.wrzuta.pl,16-05-2011,18:30:48,ok
www.wsj.com,16-05-2011,18:30:52,ok
www.wyunion.com,16-05-2011,18:30:53,ok
www.xdowns.com,16-05-2011,18:30:55,ok
www.xhamster.com,16-05-2011,18:30:57,nok
www.xiazaiba.com,16-05-2011,18:30:59,ok
www.xjtu.edu.cn,16-05-2011,18:31:00,ok
www.xl.pt,16-05-2011,18:31:05,ok
www.xmatch.com,16-05-2011,18:31:48,nok
www.xnxx.com,16-05-2011,18:31:52,ok
www.xrea.jp,16-05-2011,18:31:53,ok
www.xtlbb.com,16-05-2011,18:31:56,nok
www.xtremetop100.com,16-05-2011,18:31:57,nok
www.xvideos.com,16-05-2011,18:31:59,nok
www.xvideoslive.com,16-05-2011,18:32:02,ok
www.yad2.co.il,16-05-2011,18:32:07,nok
www.yahoo.co.jp,16-05-2011,18:32:09,ok
www.yahoo.com,16-05-2011,18:32:31,ok
www.yallakora.com,16-05-2011,18:32:37,ok
www.yandex.ru,16-05-2011,18:32:40,nok
www.ya.ru,16-05-2011,18:32:04,nok
www.yelp.com,16-05-2011,18:32:43,ok
www.yeri.be,16-05-2011,18:32:48,ok
www.yeritiete.be,16-05-2011,18:32:51,ok
www.yfrog.com,16-05-2011,18:32:53,nok
www.yidio.com,16-05-2011,18:33:37,nok
www.yieldmanager.com,16-05-2011,18:33:39,ok
www.yiqifa.com,16-05-2011,18:33:41,ok
www.yiqiwin.com,16-05-2011,18:33:42,ok
www.yomiuri.co.jp,16-05-2011,18:33:46,ok
www.youboy.com,16-05-2011,18:33:48,ok
www.youporn.com,16-05-2011,18:33:50,nok
www.youporngay.com,16-05-2011,18:33:53,nok
www.yourrewardinside.com,16-05-2011,18:33:57,nok
www.youtu.be,16-05-2011,18:33:59,nok
www.youtube.com,16-05-2011,18:34:01,nok
www.yuvutu.com,16-05-2011,18:34:03,nok
www.yx007.com,16-05-2011,18:34:06,ok
www.za.net,16-05-2011,18:34:10,ok
www.zaobao.com,16-05-2011,18:34:14,ok
www.zhongsou.net,16-05-2011,18:34:17,ok
www.zorpia.com,16-05-2011,18:35:01,nok
www.zp.ua,16-05-2011,18:35:03,ok
www.zto.cn,16-05-2011,18:35:04,ok
yeri.tiete.be,16-05-2011,18:35:05,ok
zero.rootspirit.com,16-05-2011,18:35:06,ok
