api.irail.be,07-04-2011,15:00:30,ok
blog.irail.be,07-04-2011,15:03:29,ok
blog.tuinslak.org,07-04-2011,15:03:34,ok
blog.zztopping.com,07-04-2011,15:04:22,ok
bmiwiki.cchmc.org,07-04-2011,15:04:26,ok
boards.4chan.org,07-04-2011,15:04:30,ok
boxun.shuoyi.com,07-04-2011,15:04:33,ok
code.google.com,07-04-2011,15:04:34,ok
de.wikipedia.org,07-04-2011,15:04:42,ok
english.aljazeera.net,07-04-2011,15:06:19,ok
en.wikipedia.org,07-04-2011,15:05:29,ok
four.rootspirit.com,07-04-2011,15:06:20,ok
fr.wikipedia.org,07-04-2011,15:07:17,ok
listen.grooveshark.com,07-04-2011,15:08:10,ok
lists.rootspirit.com,07-04-2011,15:08:16,ok
mail.google.com,07-04-2011,15:08:17,ok
maps.google.com,07-04-2011,15:08:24,ok
nerdnotes.org,07-04-2011,15:08:26,ok
news.google.com,07-04-2011,15:09:05,ok
nl.wikipedia.org,07-04-2011,15:09:09,ok
one.rootspirit.com,07-04-2011,15:09:10,ok
online.wsj.com,07-04-2011,15:09:14,ok
project.irail.be,07-04-2011,15:09:23,ok
prowl.weks.net,07-04-2011,15:09:25,ok
safebrowsing-cache.google.com,07-04-2011,15:09:30,ok
static.0x04.com,07-04-2011,15:10:07,ok
store.apple.com,07-04-2011,15:10:13,ok
sunsite.ualberta.ca,07-04-2011,15:10:14,ok
tech.karbassi.com,07-04-2011,15:10:17,ok
tipstricks.itmatrix.eu,07-04-2011,15:10:20,ok
uk.reuters.com,07-04-2011,15:11:23,ok
vm1.rootspirit.com,07-04-2011,15:11:24,ok
vpn.miiatech.com,07-04-2011,15:11:26,ok
wiki.answers.com,07-04-2011,15:11:32,ok
wikileaks.0x04.com,07-04-2011,15:11:34,ok
www.007swz.com,07-04-2011,15:11:36,ok
www.0101.co.jp,07-04-2011,15:11:46,ok
www.0x04.com,07-04-2011,15:11:57,ok
www.0x20.be,07-04-2011,15:12:02,ok
www.104.com.tw,07-04-2011,15:12:06,ok
www.12306.cn,07-04-2011,15:13:37,ok
www.126.net,07-04-2011,15:13:47,ok
www.163.com,07-04-2011,15:13:48,ok
www.17iw.com,07-04-2011,15:13:49,ok
www.198game.net,07-04-2011,15:13:50,ok
www.1hai.cn,07-04-2011,15:13:52,ok
www.27xz.com,07-04-2011,15:14:39,ok
www.2a.com,07-04-2011,15:14:40,ok
www.2chan.net,07-04-2011,15:14:41,ok
www.2vlady.com,07-04-2011,15:14:50,ok
www.3322.org,07-04-2011,15:14:51,ok
www.4chan.org,07-04-2011,15:14:53,ok
www.4gamer.net,07-04-2011,15:15:02,ok
www.4shared.com,07-04-2011,15:15:15,ok
www.519tl.com,07-04-2011,15:15:18,ok
www.51e78.com,07-04-2011,15:15:20,ok
www.51yes.com,07-04-2011,15:15:21,ok
www.7netshopping.jp,07-04-2011,15:16:52,ok
www.95559.com.cn,07-04-2011,15:18:24,ok
www.9lwan.com,07-04-2011,15:18:27,ok
www.a963.com,07-04-2011,15:18:30,ok
www.abc.com.py,07-04-2011,15:18:55,ok
www.abchina.com,07-04-2011,15:18:59,ok
www.about.com,07-04-2011,15:19:05,ok
www.accountonline.com,07-04-2011,15:19:09,ok
www.addictinggames.com,07-04-2011,15:19:12,ok
www.adium.im,07-04-2011,15:19:13,ok
www.admin.ch,07-04-2011,15:19:15,ok
www.adobe.com,07-04-2011,15:19:20,ok
www.adtechus.com,07-04-2011,15:19:37,ok
www.adultgeek.net,07-04-2011,15:20:24,ok
www.aemet.es,07-04-2011,15:20:29,ok
www.affiliatefuture.co.uk,07-04-2011,15:20:40,ok
www.af.mil,07-04-2011,15:20:36,ok
www.akinator.com,07-04-2011,15:20:47,ok
www.alivetorrents.com,07-04-2011,15:21:34,ok
www.aljazeera.net,07-04-2011,15:22:27,ok
www.alpha.gr,07-04-2011,15:22:35,ok
www.amazonaws.com,07-04-2011,15:27:21,ok
www.amazon.com,07-04-2011,15:23:59,ok
www.amazon.co.uk,07-04-2011,15:23:51,ok
www.amazon.de,07-04-2011,15:24:21,ok
www.amazon.fr,07-04-2011,15:27:18,ok
www.americantowns.com,07-04-2011,15:29:08,ok
www.amiami.jp,07-04-2011,15:29:14,ok
www.answers.com,07-04-2011,15:30:04,ok
www.ant.com,07-04-2011,15:30:06,ok
www.aolcdn.com,07-04-2011,15:31:02,ok
www.aol.com,07-04-2011,15:31:00,ok
www.apinpai.com,07-04-2011,15:31:16,ok
www.apple.com,07-04-2011,15:32:01,ok
www.arena.ne.jp,07-04-2011,15:32:13,ok
www.army.mil,07-04-2011,15:32:17,ok
www.articleblast.com,07-04-2011,15:32:31,ok
www.asahi.com,07-04-2011,15:32:35,ok
www.ask.com,07-04-2011,15:32:42,ok
www.atpages.jp,07-04-2011,15:32:45,ok
www.atwiki.jp,07-04-2011,15:32:47,ok
www.avg.com,07-04-2011,15:33:36,ok
www.axfc.net,07-04-2011,15:33:39,ok
www.babypink.to,07-04-2011,15:34:32,ok
www.badongo.com,07-04-2011,15:34:39,ok
www.ba.gov.br,07-04-2011,15:34:31,ok
www.baidu.com,07-04-2011,15:34:43,ok
www.bancochile.cl,07-04-2011,15:34:49,ok
www.bancoestado.cl,07-04-2011,15:34:56,ok
www.bancomercantil.com,07-04-2011,15:35:02,ok
www.bancomer.com.mx,07-04-2011,15:35:01,ok
www.banesco.com,07-04-2011,15:35:26,ok
www.bangbros.com,07-04-2011,15:35:32,ok
www.bankcomm.com,07-04-2011,15:35:38,ok
www.bankmandiri.co.id,07-04-2011,15:35:43,ok
www.bankpasargad.com,07-04-2011,15:35:56,ok
www.banquepopulaire.fr,07-04-2011,15:36:00,ok
www.bbc.co.uk,07-04-2011,15:36:18,ok
www.beanfun.com,07-04-2011,15:36:24,ok
www.belgiumpoker.net,07-04-2011,15:36:29,ok
www.bild.de,07-04-2011,15:36:58,ok
www.bing.com,07-04-2011,15:37:01,ok
www.bit.ly,07-04-2011,15:37:03,ok
www.bittorrentfiles.org,07-04-2011,15:37:07,ok
www.blinkogold.ru,07-04-2011,15:38:06,ok
www.blogcdn.com,07-04-2011,15:40:25,ok
www.bloggerei.de,07-04-2011,15:41:16,ok
www.blogspirit.com,07-04-2011,15:42:13,ok
www.bloomberg.com,07-04-2011,15:43:02,ok
www.bmi.ir,07-04-2011,15:43:17,ok
www.boardofinnovation.com,07-04-2011,15:43:20,ok
www.boc.cn,07-04-2011,15:44:06,ok
www.bochk.com,07-04-2011,15:44:12,ok
www.bohelady.com,07-04-2011,15:44:17,ok
www.bokecc.com,07-04-2011,15:44:17,ok
www.bom.gov.au,07-04-2011,15:44:22,ok
www.bookryanair.com,07-04-2011,15:44:23,ok
www.borders.com,07-04-2011,15:45:11,ok
www.bulbagarden.net,07-04-2011,15:48:13,ok
www.burnews.com,07-04-2011,15:48:19,ok
www.calciomercato.com,07-04-2011,15:50:41,ok
www.cam4.com,07-04-2011,15:50:56,ok
www.cam.ac.uk,07-04-2011,15:50:43,ok
www.canvas.be,07-04-2011,15:51:04,ok
www.carros.com.br,07-04-2011,15:52:03,ok
www.carsales.com.au,07-04-2011,15:52:09,ok
www.carwale.com,07-04-2011,15:52:23,ok
www.casadellibro.com,07-04-2011,15:52:30,ok
www.casinocity.com,07-04-2011,15:52:46,ok
www.casino.com,07-04-2011,15:52:44,ok
www.castorama.fr,07-04-2011,15:53:12,ok
www.ccb.com,07-04-2011,15:53:13,ok
www.ccb.com.cn,07-04-2011,15:53:14,ok
www.cebbank.com,07-04-2011,15:53:15,ok
www.cecile.co.jp,07-04-2011,15:53:17,ok
www.census.gov,07-04-2011,15:53:32,ok
www.centrum.cz,07-04-2011,15:53:38,ok
www.cheggit.nl,07-04-2011,15:53:45,ok
www.chevrolet.com.cn,07-04-2011,15:53:46,ok
www.chilehardware.cl,07-04-2011,15:53:50,ok
www.chinamobile.com,07-04-2011,15:54:02,ok
www.china.org.cn,07-04-2011,15:54:00,ok
www.chinapay.com,07-04-2011,15:54:03,ok
www.chinarank.org.cn,07-04-2011,15:54:05,ok
www.chinatimes.com,07-04-2011,15:54:10,ok
www.chizumaru.com,07-04-2011,15:54:15,ok
www.chunichi.co.jp,07-04-2011,15:55:45,ok
www.cib.com.cn,07-04-2011,15:55:48,ok
www.cisco.com,07-04-2011,15:55:52,ok
www.citrix.com,07-04-2011,15:56:15,ok
www.classmates.com,07-04-2011,15:59:01,ok
www.clubedohardware.com.br,07-04-2011,15:59:54,ok
www.cmbc.com.cn,07-04-2011,15:59:57,ok
www.cmbchina.com,07-04-2011,16:00:04,ok
www.cncmax.cn,07-04-2011,16:00:06,ok
www.cnet.com,07-04-2011,16:00:27,ok
www.cnn.com,07-04-2011,16:00:30,ok
www.cnsuning.com,07-04-2011,16:00:31,ok
www.cnzz.cn,07-04-2011,16:00:33,ok
www.cocolog-nifty.com,07-04-2011,16:01:19,ok
www.collegeconfidential.com,07-04-2011,16:02:20,ok
www.collegehumor.com,07-04-2011,16:02:23,ok
www.companieshouse.gov.uk,07-04-2011,16:03:31,ok
www.cool.ne.jp,07-04-2011,16:03:34,ok
www.corporate-ir.net,07-04-2011,16:03:36,ok
www.craigslist.org,07-04-2011,16:03:43,ok
www.crunchbanglinux.org,07-04-2011,16:05:14,ok
www.cs.com.cn,07-04-2011,16:05:19,ok
www.ct10000.com,07-04-2011,16:06:04,ok
www.dagospia.com,07-04-2011,16:07:28,ok
www.dailymail.co.uk,07-04-2011,16:07:50,ok
www.daisycon.com,07-04-2011,16:07:57,ok
www.darkstormguild.com,07-04-2011,16:08:01,ok
www.dba.dk,07-04-2011,16:08:13,ok
www.debian-multimedia.org,07-04-2011,16:08:15,ok
www.debian.org,07-04-2011,16:08:17,ok
www.delicious.com,07-04-2011,16:09:08,ok
www.democracy.com,07-04-2011,16:09:30,ok
www.designerterminal.com,07-04-2011,16:09:34,ok
www.deviantart.com,07-04-2011,16:09:38,ok
www.dh005.com,07-04-2011,16:09:47,ok
www.dh661.com,07-04-2011,16:09:49,ok
www.dhc.co.jp,07-04-2011,16:09:51,ok
www.dhs.gov,07-04-2011,16:09:54,ok
www.digg.com,07-04-2011,16:09:58,ok
www.diguo180.com,07-04-2011,16:10:00,ok
www.dion.ne.jp,07-04-2011,16:10:03,ok
www.dirty.ru,07-04-2011,16:11:41,ok
www.disqus.com,07-04-2011,16:11:45,ok
www.dnbnor.no,07-04-2011,16:12:34,ok
www.doityourself.com,07-04-2011,16:12:40,ok
www.dom2.ru,07-04-2011,16:13:08,ok
www.dospy.com,07-04-2011,16:13:12,ok
www.download.com,07-04-2011,16:14:03,ok
www.downxia.com,07-04-2011,16:14:04,ok
www.dti.ne.jp,07-04-2011,16:14:37,ok
www.dumpert.nl,07-04-2011,16:16:21,ok
www.dy2018.net,07-04-2011,16:17:09,ok
www.dygod.net,07-04-2011,16:17:11,ok
www.dyndns.com,07-04-2011,16:17:13,ok
www.e2ma.net,07-04-2011,16:17:25,ok
www.ebay.com,07-04-2011,16:17:35,ok
www.ed.ac.uk,07-04-2011,16:18:15,ok
www.een.be,07-04-2011,16:20:30,ok
www.eff.org,07-04-2011,16:20:32,ok
www.egooad.com,07-04-2011,16:20:33,ok
www.elmundodeportivo.es,07-04-2011,16:20:38,ok
www.elog-ch.com,07-04-2011,16:20:39,ok
www.engadget.com,07-04-2011,16:21:54,ok
www.e-travel.com,07-04-2011,16:17:19,ok
www.europeancasinoassociation.org,07-04-2011,16:22:40,ok
www.evidus.com,07-04-2011,16:22:44,ok
www.extratorrent.com,07-04-2011,16:23:58,ok
www.eztv.it,07-04-2011,16:26:55,ok
www.fahrinfo-berlin.de,07-04-2011,16:27:01,ok
www.fandango.com,07-04-2011,16:27:07,ok
www.fantong.com,07-04-2011,16:27:08,ok
www.fao.org,07-04-2011,16:27:22,ok
www.fbi.gov,07-04-2011,16:29:46,ok
www.fda.gov,07-04-2011,16:29:51,ok
www.fedoraproject.org,07-04-2011,16:29:55,ok
www.feedburner.com,07-04-2011,16:29:58,ok
www.filesend.to,07-04-2011,16:30:02,ok
www.fileserve.com,07-04-2011,16:30:05,ok
www.filestube.com,07-04-2011,16:30:08,ok
www.filmstarts.de,07-04-2011,16:30:27,ok
www.flashgames.it,07-04-2011,16:31:29,ok
www.flashwing.net,07-04-2011,16:31:31,ok
www.flickr.com,07-04-2011,16:31:35,ok
www.flipkart.com,07-04-2011,16:31:45,ok
www.flyaerlingus.com,07-04-2011,16:31:47,ok
www.flycell.com.br,07-04-2011,16:31:53,ok
www.fnismls.com,07-04-2011,16:31:54,ok
www.forum.hr,07-04-2011,16:32:09,ok
www.foxtab.com,07-04-2011,16:32:56,ok
www.friendster.com,07-04-2011,16:35:23,ok
www.fruitmail.net,07-04-2011,16:35:25,ok
www.ftchinese.com,07-04-2011,16:35:44,ok
www.fujitv.co.jp,07-04-2011,16:35:50,ok
www.gad.de,07-04-2011,16:35:59,ok
www.gametrailers.com,07-04-2011,16:38:18,ok
www.gameva.net,07-04-2011,16:38:19,ok
www.gaytube.com,07-04-2011,16:39:05,ok
www.gazzetta.it,07-04-2011,16:39:08,ok
www.gc.ca,07-04-2011,16:39:09,ok
www.gdb.com.cn,07-04-2011,16:39:13,ok
www.geenstijl.nl,07-04-2011,16:40:05,ok
www.generation-nt.com,07-04-2011,16:40:21,ok
www.gentoo.org,07-04-2011,16:40:29,ok
www.github.com,07-04-2011,16:45:47,ok
www.gizmodo.com,07-04-2011,16:46:56,ok
www.gizmodo.jp,07-04-2011,16:47:02,ok
www.gmxattachments.net,07-04-2011,16:47:36,ok
www.gmx.de,07-04-2011,16:47:11,ok
www.gmx.net,07-04-2011,16:47:30,ok
www.gnupg.org,07-04-2011,16:47:40,ok
www.go2cloud.org,07-04-2011,16:47:47,ok
www.gob.ve,07-04-2011,16:48:08,ok
www.go.com,07-04-2011,16:47:45,ok
www.gocsgo.com,07-04-2011,16:48:09,ok
www.godaddy.com,07-04-2011,16:48:12,ok
www.godgame.com.tw,07-04-2011,16:48:14,ok
www.googleadservices.com,07-04-2011,16:49:21,ok
www.google.be,07-04-2011,16:48:59,ok
www.google.cn,07-04-2011,16:48:59,ok
www.google.co.in,07-04-2011,16:49:00,ok
www.google.co.jp,07-04-2011,16:49:02,ok
www.google.com,07-04-2011,16:49:06,ok
www.google.com.au,07-04-2011,16:49:07,ok
www.google.com.hk,07-04-2011,16:49:08,ok
www.google.com.pk,07-04-2011,16:49:09,ok
www.google.com.sg,07-04-2011,16:49:11,ok
www.google.com.tr,07-04-2011,16:49:13,ok
www.google.co.th,07-04-2011,16:49:03,ok
www.google.co.uk,07-04-2011,16:49:04,ok
www.google.de,07-04-2011,16:49:14,ok
www.google.fr,07-04-2011,16:49:16,ok
www.google.it,07-04-2011,16:49:17,ok
www.google.nl,07-04-2011,16:49:19,ok
www.gotgayporn.com,07-04-2011,16:50:12,ok
www.gougou.com,07-04-2011,16:50:13,ok
www.gov.on.ca,07-04-2011,16:50:16,ok
www.gowalla.com,07-04-2011,16:50:18,ok
www.gpoint.co.jp,07-04-2011,16:50:27,ok
www.gravatar.com,07-04-2011,16:51:14,ok
www.greedytorrent.com,07-04-2011,16:51:18,ok
www.grooveshark.com,07-04-2011,16:51:58,ok
www.growl.info,07-04-2011,16:51:59,ok
www.grupobancolombia.com,07-04-2011,16:52:05,ok
www.gruposantander.es,07-04-2011,16:52:06,ok
www.guardian.co.uk,07-04-2011,16:53:18,ok
www.gutteruncensorednewsb.blogspot.com,07-04-2011,16:53:20,ok
www.gva.be,07-04-2011,16:53:34,ok
www.gyyx.cn,07-04-2011,16:53:37,ok
www.halifax-online.co.uk,07-04-2011,16:54:31,ok
www.hao722.cn,07-04-2011,16:54:32,ok
www.harborfreight.com,07-04-2011,16:54:35,ok
www.hattrick.org,07-04-2011,16:55:49,ok
www.hbs.edu,07-04-2011,16:55:51,ok
www.hbvl.be,07-04-2011,16:55:54,ok
www.hdouga.com,07-04-2011,16:56:00,ok
www.hd-torrents.org,07-04-2011,16:55:59,ok
www.hi5.com,07-04-2011,16:56:12,ok
www.hi-ho.ne.jp,07-04-2011,16:56:03,ok
www.hinet.net,07-04-2011,16:56:57,ok
www.hip2save.com,07-04-2011,16:57:04,ok
www.hkjc.com,07-04-2011,16:57:50,ok
www.hmrc.gov.uk,07-04-2011,17:00:42,ok
www.home.ne.jp,07-04-2011,17:00:45,ok
www.honda.co.jp,07-04-2011,17:00:47,ok
www.hotfile123.com,07-04-2011,17:00:56,ok
www.hotfile.com,07-04-2011,17:00:51,ok
www.hotmail.com,07-04-2011,17:00:58,ok
www.hp.com,07-04-2011,17:01:07,ok
www.huffingtonpost.com,07-04-2011,17:01:13,ok
www.hyves.nl,07-04-2011,17:01:17,ok
www.ibm.com,07-04-2011,17:01:24,ok
www.icbc.com.cn,07-04-2011,17:01:25,ok
www.icisleri.gov.tr,07-04-2011,17:01:34,ok
www.idlebox.net,07-04-2011,17:01:39,ok
www.ign.com,07-04-2011,17:01:43,ok
www.ignou.ac.in,07-04-2011,17:01:48,ok
www.i-like-movie.com,07-04-2011,17:01:18,ok
www.ilmessaggero.it,07-04-2011,17:01:53,ok
www.imagerise.com,07-04-2011,17:01:57,ok
www.imageshack.us,07-04-2011,17:01:59,ok
www.imgur.com,07-04-2011,17:05:35,ok
www.indiatimes.com,07-04-2011,17:05:53,ok
www.infojobs.com.br,07-04-2011,17:05:55,ok
www.inhetnieuws.nl,07-04-2011,17:05:58,ok
www.inps.it,07-04-2011,17:06:01,ok
www.i-part.com.tw,07-04-2011,17:01:20,ok
www.irail.be,07-04-2011,17:06:08,ok
www.irs.gov,07-04-2011,17:06:15,ok
www.itmedia.co.jp,07-04-2011,17:06:31,ok
www.itprofessional.be,07-04-2011,17:06:37,ok
www.its-mo.com,07-04-2011,17:06:38,ok
www.iza.ne.jp,07-04-2011,17:06:40,ok
www.jalopnik.com,07-04-2011,17:07:26,ok
www.japannetbank.co.jp,07-04-2011,17:07:28,ok
www.japantimes.co.jp,07-04-2011,17:07:30,ok
www.jfdaily.com,07-04-2011,17:07:31,ok
www.jinzhao99.com,07-04-2011,17:07:33,ok
www.jma.go.jp,07-04-2011,17:07:35,ok
www.jobrapido.de,07-04-2011,17:07:41,ok
www.johnnys-net.jp,07-04-2011,17:07:42,ok
www.joindiaspora.com,07-04-2011,17:07:46,ok
www.joomlaworks.gr,07-04-2011,17:07:49,ok
www.jra.go.jp,07-04-2011,17:07:56,ok
www.jreast.co.jp,07-04-2011,17:07:57,ok
www.jr-odekake.net,07-04-2011,17:07:54,ok
www.jumptags.com,07-04-2011,17:08:16,ok
www.jz123.com,07-04-2011,17:09:03,ok
www.kathimerini.gr,07-04-2011,17:11:18,ok
www.kddi.com,07-04-2011,17:11:19,ok
www.keezmovies.com,07-04-2011,17:11:25,ok
www.keio.ac.jp,07-04-2011,17:11:27,ok
www.kickasstorrents.com,07-04-2011,17:11:44,ok
www.kir.jp,07-04-2011,17:12:30,ok
www.kkgame.cn,07-04-2011,17:12:32,ok
www.klikbca.com,07-04-2011,17:12:36,ok
www.klout.com,07-04-2011,17:12:37,ok
www.kuronekoyamato.co.jp,07-04-2011,17:12:39,ok
www.ldblog.jp,07-04-2011,17:16:18,ok
www.lemonde.fr,07-04-2011,17:16:21,ok
www.libyafeb17.com,07-04-2011,17:17:07,ok
www.lifehacker.com,07-04-2011,17:17:09,ok
www.linkedin.com,07-04-2011,17:17:31,ok
www.linkhelper.cn,07-04-2011,17:17:38,ok
www.linux.com,07-04-2011,17:17:43,ok
www.linuxquestions.org,07-04-2011,17:17:49,ok
www.liputan6.com,07-04-2011,17:17:51,ok
www.live.com,07-04-2011,17:17:54,ok
www.livejasmin.com,07-04-2011,17:17:58,ok
www.livejournal.com,07-04-2011,17:18:00,ok
www.liveperson.net,07-04-2011,17:18:02,ok
www.livestream.com,07-04-2011,17:18:06,ok
www.lloydstsb.co.uk,07-04-2011,17:18:11,ok
www.loadays.org,07-04-2011,17:18:13,ok
www.logmein.com,07-04-2011,17:18:17,ok
www.lxde.org,07-04-2011,17:19:09,ok
www.macnews.de,07-04-2011,17:19:19,ok
www.mademan.com,07-04-2011,17:19:22,ok
www.madrid.org,07-04-2011,17:19:25,ok
www.mail.ru,07-04-2011,17:20:21,ok
www.mai-net.net,07-04-2011,17:19:27,ok
www.marieclairechina.com,07-04-2011,17:20:23,ok
www.maybank2u.com.my,07-04-2011,17:21:10,ok
www.mcdonalds.co.jp,07-04-2011,17:21:11,ok
www.mcgill.ca,07-04-2011,17:21:13,ok
www.meb.gov.tr,07-04-2011,17:22:24,ok
www.mec.es,07-04-2011,17:22:27,ok
www.mec.gov.br,07-04-2011,17:22:30,ok
www.mediafire.com,07-04-2011,17:22:32,ok
www.mediaset.it,07-04-2011,17:22:34,ok
www.megatv.com,07-04-2011,17:23:24,ok
www.megaupload.com,07-04-2011,17:24:07,ok
www.mhlw.go.jp,07-04-2011,17:24:56,ok
www.microsoft.com,07-04-2011,17:24:59,ok
www.microsofttranslator.com,07-04-2011,17:25:01,ok
www.mihanblog.com,07-04-2011,17:25:03,ok
www.miiatech.com,07-04-2011,17:25:06,ok
www.miibeian.gov.cn,07-04-2011,17:25:07,ok
www.miitbeian.gov.cn,07-04-2011,17:25:29,ok
www.mizuhobank.co.jp,07-04-2011,17:26:42,ok
www.mlit.go.jp,07-04-2011,17:26:46,ok
www.mlxchange.com,07-04-2011,17:26:47,ok
www.mohegunsun.com,07-04-2011,17:28:23,ok
www.momoshop.com.tw,07-04-2011,17:28:32,ok
www.movies.com,07-04-2011,17:29:18,ok
www.mris.com,07-04-2011,17:29:20,ok
www.msn.com,07-04-2011,17:29:23,ok
www.mt-50.com,07-04-2011,17:29:25,ok
www.mtv.com,07-04-2011,17:29:29,ok
www.muare.vn,07-04-2011,17:29:32,ok
www.mybrowserbar.com,07-04-2011,17:31:04,ok
www.mycom.co.jp,07-04-2011,17:31:05,ok
www.mylovewebs.cn,07-04-2011,17:31:08,ok
www.myspace.com,07-04-2011,17:31:57,ok
www.nakadashi.to,07-04-2011,17:32:42,ok
www.namipan.com,07-04-2011,17:32:43,ok
www.narod.ru,07-04-2011,17:32:48,ok
www.nasa.gov,07-04-2011,17:32:51,ok
www.nastyvideotube.com,07-04-2011,17:32:55,ok
www.navitime.co.jp,07-04-2011,17:32:56,ok
www.navy.mil,07-04-2011,17:32:57,ok
www.neopets.com,07-04-2011,17:33:00,ok
www.netflix.com,07-04-2011,17:33:03,ok
www.netlog.be,07-04-2011,17:33:07,ok
www.netmile.co.jp,07-04-2011,17:33:09,ok
www.netteller.com,07-04-2011,17:33:57,ok
www.netzpolitik.org,07-04-2011,17:34:45,ok
www.news-postseven.com,07-04-2011,17:34:46,ok
www.nfdaily.cn,07-04-2011,17:36:57,ok
www.nhk.or.jp,07-04-2011,17:36:58,ok
www.nick.com,07-04-2011,17:37:01,ok
www.nickdemey.be,07-04-2011,17:37:05,ok
www.nickjr.com,07-04-2011,17:37:07,ok
www.nieuwsblad.be,07-04-2011,17:37:54,ok
www.nii.ac.jp,07-04-2011,17:37:56,ok
www.nikkansports.com,07-04-2011,17:38:01,ok
www.nikkei.co.jp,07-04-2011,17:38:05,ok
www.ning.com,07-04-2011,17:38:06,ok
www.nintendo.com,07-04-2011,17:38:08,ok
www.nocookie.net,07-04-2011,17:38:10,ok
www.noticias3d.com,07-04-2011,17:39:02,ok
www.nta.go.jp,07-04-2011,17:39:49,ok
www.nttdocomo.co.jp,07-04-2011,17:39:51,ok
www.ntu.edu.tw,07-04-2011,17:39:51,ok
www.ntv.co.jp,07-04-2011,17:39:54,ok
www.nytimes.com,07-04-2011,17:40:04,ok
www.ocn.ne.jp,07-04-2011,17:40:54,ok
www.ocxxx.com,07-04-2011,17:40:57,ok
www.ofertix.com,07-04-2011,17:41:01,ok
www.okaz.com.sa,07-04-2011,17:41:02,ok
www.onani-daisuki.com,07-04-2011,17:41:04,ok
www.onlae.es,07-04-2011,17:41:06,ok
www.onlinecasinoking.com,07-04-2011,17:41:14,ok
www.onlinecasinoplaygames.com,07-04-2011,17:41:16,ok
www.onlinecreditcenter6.com,07-04-2011,17:41:18,ok
www.online.sh.cn,07-04-2011,17:41:07,ok
www.open.ac.uk,07-04-2011,17:41:30,ok
www.opensubtitles.net,07-04-2011,17:42:51,ok
www.opensuse.org,07-04-2011,17:42:55,ok
www.orbooks.com,07-04-2011,17:43:00,ok
www.oricon.co.jp,07-04-2011,17:43:02,ok
www.orkut.com,07-04-2011,17:43:04,ok
www.overture.com,07-04-2011,17:43:12,ok
www.p5w.net,07-04-2011,17:44:41,ok
www.pagerage.com,07-04-2011,17:45:29,ok
www.pagesperso-orange.fr,07-04-2011,17:45:31,ok
www.pap.fr,07-04-2011,17:45:37,ok
www.parentsconnect.com,07-04-2011,17:45:42,ok
www.partypoker.fr,07-04-2011,17:45:50,ok
www.payamsara.com,07-04-2011,17:46:38,ok
www.paypal.be,07-04-2011,17:46:55,ok
www.paypal.com,07-04-2011,17:47:00,ok
www.paypal-shopping.com,07-04-2011,17:46:46,ok
www.photobucket.com,07-04-2011,17:49:11,ok
www.phpwind.com,07-04-2011,17:50:40,ok
www.pichunter.com,07-04-2011,17:50:43,ok
www.planet23.com,07-04-2011,17:52:15,ok
www.playboy.com,07-04-2011,17:52:21,ok
www.pocket-lint.com,07-04-2011,17:52:25,ok
www.pokerclub.be,07-04-2011,17:52:32,ok
www.poker.com,07-04-2011,17:52:27,ok
www.pokerlistings.com,07-04-2011,17:52:35,ok
www.pokernews.com,07-04-2011,17:52:37,ok
www.pokerstars.com,07-04-2011,17:52:39,ok
www.pontofrio.com.br,07-04-2011,17:52:42,ok
www.pornhub.com,07-04-2011,17:54:10,ok
www.prefetch.net,07-04-2011,17:54:19,ok
www.premierleague.com,07-04-2011,17:54:25,ok
www.programmingforums.org,07-04-2011,17:57:20,ok
www.ps3iso.com,07-04-2011,17:57:23,ok
www.publicidees.com,07-04-2011,17:57:25,ok
www.pudelek.pl,07-04-2011,17:57:42,ok
www.pussy.org,07-04-2011,17:57:54,ok
www.p-world.co.jp,07-04-2011,17:44:39,ok
www.qeedoo.com,07-04-2011,17:57:58,ok
www.qibosoft.com,07-04-2011,17:58:00,ok
www.qq937.com,07-04-2011,17:58:05,ok
www.qq.com,07-04-2011,17:58:03,ok
www.qqnz.com,07-04-2011,17:58:06,ok
www.qqtn.com,07-04-2011,17:58:08,ok
www.quora.com,07-04-2011,17:58:10,ok
www.qwerly.com,07-04-2011,17:58:11,ok
www.r1fclick.com,07-04-2011,17:58:12,ok
www.rackerhacker.com,07-04-2011,17:58:15,ok
www.rakuten.com,07-04-2011,17:59:12,ok
www.rakuten-kc.co.jp,07-04-2011,17:59:04,ok
www.rakuten.ne.jp,07-04-2011,17:59:14,ok
www.rapidshare.com,07-04-2011,17:59:19,ok
www.reddit.com,07-04-2011,17:59:22,ok
www.redhat.com,07-04-2011,17:59:24,ok
www.refactormycode.com,07-04-2011,17:59:28,ok
www.reference.com,07-04-2011,17:59:30,ok
www.replays.net,07-04-2011,17:59:31,ok
www.repubblica.it,07-04-2011,18:01:08,ok
www.republika.co.id,07-04-2011,18:01:13,ok
www.reuters.com,07-04-2011,18:01:15,ok
www.rikunabi.com,07-04-2011,18:01:19,ok
www.rising.cn,07-04-2011,18:01:20,ok
www.rising.com.cn,07-04-2011,18:01:23,ok
www.robotstxt.org,07-04-2011,18:01:24,ok
www.rootspirit.com,07-04-2011,18:01:26,ok
www.rootspirit.info,07-04-2011,18:01:30,ok
www.rosettacode.org,07-04-2011,18:01:32,ok
www.rs-online.com,07-04-2011,18:01:34,ok
www.ruiidc.com,07-04-2011,18:02:21,ok
www.sagawa-exp.co.jp,07-04-2011,18:02:26,ok
www.saic.gov.cn,07-04-2011,18:02:27,ok
www.saisoncard.co.jp,07-04-2011,18:02:29,ok
www.sandai.net,07-04-2011,18:02:31,ok
www.sanspo.com,07-04-2011,18:02:34,ok
www.savings.com,07-04-2011,18:02:37,ok
www.sbisec.co.jp,07-04-2011,18:02:41,ok
www.scbeasy.com,07-04-2011,18:02:43,ok
www.secure-softwaremanager.com,07-04-2011,18:02:46,ok
www.seedit.com,07-04-2011,18:03:36,ok
www.segundamano.com.mx,07-04-2011,18:05:04,ok
www.segye.com,07-04-2011,18:05:08,ok
www.seoul.co.kr,07-04-2011,18:05:12,ok
www.sep.gob.mx,07-04-2011,18:05:17,ok
www.serverfault.com,07-04-2011,18:05:21,ok
www.sharp.co.jp,07-04-2011,18:06:18,ok
www.shejis.com,07-04-2011,18:06:19,ok
www.shendu.cc,07-04-2011,18:06:21,ok
www.shockwave.com,07-04-2011,18:06:25,ok
www.shopch.jp,07-04-2011,18:06:31,ok
www.shoptime.com.br,07-04-2011,18:06:37,ok
www.shufoo.net,07-04-2011,18:07:22,ok
www.sinaapp.com,07-04-2011,18:07:28,ok
www.sina.com.cn,07-04-2011,18:07:26,ok
www.singtaonet.com,07-04-2011,18:07:36,ok
www.sistrix.com,07-04-2011,18:07:38,ok
www.skype.com,07-04-2011,18:08:22,ok
www.slashdot.org,07-04-2011,18:08:25,ok
www.slideshare.com,07-04-2011,18:08:32,ok
www.smbc-card.com,07-04-2011,18:08:34,ok
www.smbc.co.jp,07-04-2011,18:08:36,ok
www.smgbb.cn,07-04-2011,18:08:39,ok
www.snipt.net,07-04-2011,18:08:41,ok
www.sod.co.jp,07-04-2011,18:08:43,ok
www.softwaregeek.com,07-04-2011,18:09:30,ok
www.songkick.com,07-04-2011,18:09:32,ok
www.sourceforge.net,07-04-2011,18:11:01,ok
www.southparkstudios.com,07-04-2011,18:11:05,ok
www.spdb.com.cn,07-04-2011,18:11:15,ok
www.sp.gov.br,07-04-2011,18:11:13,ok
www.sphere.ws,07-04-2011,18:11:21,ok
www.spiegel.de,07-04-2011,18:11:25,ok
www.sponichi.co.jp,07-04-2011,18:11:30,ok
www.sport-fm.gr,07-04-2011,18:11:37,ok
www.square-enix.co.jp,07-04-2011,18:11:38,ok
www.stackoverflow.com,07-04-2011,18:11:49,ok
www.standaard.be,07-04-2011,18:11:52,ok
www.stargames.at,07-04-2011,18:11:56,ok
www.startssl.com,07-04-2011,18:12:03,ok
www.state.nj.us,07-04-2011,18:12:06,ok
www.state.ny.us,07-04-2011,18:12:12,ok
www.state.tx.us,07-04-2011,18:12:17,ok
www.stern.de,07-04-2011,18:12:26,ok
www.stockhouse.com,07-04-2011,18:13:14,ok
www.sto-express.com.cn,07-04-2011,18:13:12,ok
www.storify.com,07-04-2011,18:13:17,ok
www.stubru.be,07-04-2011,18:13:18,ok
www.stumbleupon.com,07-04-2011,18:13:19,ok
www.submityourflicks.com,07-04-2011,18:13:22,ok
www.submityourtapes.com,07-04-2011,18:13:25,ok
www.summify.com,07-04-2011,18:13:27,ok
www.suntory.co.jp,07-04-2011,18:13:28,ok
www.superuser.com,07-04-2011,18:13:33,ok
www.sweetnote.com,07-04-2011,18:13:35,ok
www.syd.com.cn,07-04-2011,18:13:37,ok
www.tagged.com,07-04-2011,18:15:08,ok
www.taiwanlottery.com.tw,07-04-2011,18:15:10,ok
www.talktalk.co.uk,07-04-2011,18:15:18,ok
www.tanea.gr,07-04-2011,18:15:21,ok
www.taobao.com,07-04-2011,18:15:23,ok
www.tbs.co.jp,07-04-2011,18:15:24,ok
www.teambuy.com.cn,07-04-2011,18:15:27,ok
www.teamku.com,07-04-2011,18:15:28,ok
www.techcrunch.com,07-04-2011,18:15:33,ok
www.techonthenet.com,07-04-2011,18:15:37,ok
www.ted.com,07-04-2011,18:15:39,ok
www.teennick.com,07-04-2011,18:16:26,ok
www.tempalias.com,07-04-2011,18:17:12,ok
www.thenextweb.com,07-04-2011,18:18:01,ok
www.theonion.com,07-04-2011,18:18:06,ok
www.thesixtyone.com,07-04-2011,18:18:54,ok
www.tiete.be,07-04-2011,18:21:56,ok
www.tiete.eu,07-04-2011,18:21:58,ok
www.tiete.org,07-04-2011,18:21:59,ok
www.tijd.be,07-04-2011,18:22:01,ok
www.tipete.com,07-04-2011,18:23:41,ok
www.tnaflix.com,07-04-2011,18:23:45,ok
www.tns-global.com,07-04-2011,18:23:49,ok
www.tocka.com.mk,07-04-2011,18:23:53,ok
www.toluna.com,07-04-2011,18:24:40,ok
www.toranoana.jp,07-04-2011,18:25:25,ok
www.torrentz.eu,07-04-2011,18:25:28,ok
www.toshiba.co.jp,07-04-2011,18:25:29,ok
www.totallycoolpix.com,07-04-2011,18:26:16,ok
www.tovima.gr,07-04-2011,18:26:19,ok
www.trafficgate.net,07-04-2011,18:26:23,ok
www.treinreiziger.nl,07-04-2011,18:26:29,ok
www.trekearth.com,07-04-2011,18:26:37,ok
www.truvo.be,07-04-2011,18:26:43,ok
www.tsutaya.co.jp,07-04-2011,18:26:45,ok
www.ttdk2.com,07-04-2011,18:26:46,ok
www.tuaw.com,07-04-2011,18:26:58,ok
www.tube8.com,07-04-2011,18:27:01,ok
www.tubefire.com,07-04-2011,18:27:02,ok
www.tuinslak.be,07-04-2011,18:27:13,ok
www.tuinslak.eu,07-04-2011,18:27:19,ok
www.tuinslak.org,07-04-2011,18:27:27,ok
www.tumblr.com,07-04-2011,18:27:29,ok
www.tunisia-sat.com,07-04-2011,18:27:34,ok
www.tunnelbroker.net,07-04-2011,18:27:35,ok
www.tuttosport.com,07-04-2011,18:27:41,ok
www.tv-asahi.co.jp,07-04-2011,18:27:44,ok
www.tv-tokyo.co.jp,07-04-2011,18:27:46,ok
www.tweakers.net,07-04-2011,18:28:45,ok
www.typepad.com,07-04-2011,18:35:23,ok
www.uba.ar,07-04-2011,18:35:30,ok
www.ub.com,07-04-2011,18:35:29,ok
www.ubuntu.com,07-04-2011,18:35:33,ok
www.ucm.es,07-04-2011,18:35:36,ok
www.uk.to,07-04-2011,18:35:39,ok
www.unal.edu.co,07-04-2011,18:35:43,ok
www.uned.es,07-04-2011,18:35:44,ok
www.unicreditbanca.it,07-04-2011,18:35:50,ok
www.unionli.com,07-04-2011,18:35:51,ok
www.unix.com,07-04-2011,18:35:54,ok
www.unixguide.net,07-04-2011,18:35:56,ok
www.un.org,07-04-2011,18:35:40,ok
www.uoc.edu,07-04-2011,18:35:57,ok
www.upenn.edu,07-04-2011,18:36:00,ok
www.uploadshare.org,07-04-2011,18:36:02,ok
www.userbase.be,07-04-2011,18:36:08,ok
www.u-tokyo.ac.jp,07-04-2011,18:35:25,ok
www.utoronto.ca,07-04-2011,18:36:13,ok
www.uueasy.com,07-04-2011,18:36:15,ok
www.vandaag.be,07-04-2011,18:37:08,ok
www.vcricket.com,07-04-2011,18:37:10,ok
www.vdolady.com,07-04-2011,18:37:11,ok
www.vector.co.jp,07-04-2011,18:37:13,ok
www.vh1.com,07-04-2011,18:38:42,ok
www.videobb.com,07-04-2011,18:38:47,ok
www.videopress.com,07-04-2011,18:39:35,ok
www.viki.com,07-04-2011,18:39:37,ok
www.vivo.com.br,07-04-2011,18:39:41,ok
www.vlc.org,07-04-2011,18:39:42,ok
www.voila.fr,07-04-2011,18:40:28,ok
www.vol777.com,07-04-2011,18:40:30,ok
www.voyage-prive.com,07-04-2011,18:40:32,ok
www.vozforums.com,07-04-2011,18:40:34,ok
www.vsa.com.cn,07-04-2011,18:40:35,ok
www.vsnl.net.in,07-04-2011,18:40:39,ok
www.walkernews.net,07-04-2011,18:41:25,ok
www.washingtonpost.com,07-04-2011,18:41:35,ok
www.watanabepro.co.jp,07-04-2011,18:41:37,ok
www.webgame188.com,07-04-2011,18:42:31,ok
www.webhostingtalk.com,07-04-2011,18:42:34,ok
www.webhostingtalk.nl,07-04-2011,18:42:37,ok
www.webinknow.com,07-04-2011,18:42:41,ok
www.weble.org,07-04-2011,18:42:44,ok
www.websitetestlink.com,07-04-2011,18:44:12,ok
www.wer-weiss-was.de,07-04-2011,18:45:00,ok
www.whatreallyhappened.com,07-04-2011,18:45:04,ok
www.which.co.uk,07-04-2011,18:45:06,ok
www.whitehouse.gov,07-04-2011,18:45:08,ok
www.wikileaks.ch,07-04-2011,18:45:10,ok
www.wikipedia.com,07-04-2011,18:45:15,ok
www.wikipedia.org,07-04-2011,18:45:17,ok
www.wikiwiki.jp,07-04-2011,18:45:18,ok
www.wordpress.com,07-04-2011,18:49:01,ok
www.wordpress.org,07-04-2011,18:49:04,ok
www.wow-europe.com,07-04-2011,18:49:11,ok
www.writetoreply.org,07-04-2011,18:49:59,ok
www.wroclaw.pl,07-04-2011,18:50:01,ok
www.wrzuta.pl,07-04-2011,18:50:03,ok
www.wsj.com,07-04-2011,18:50:12,ok
www.wyunion.com,07-04-2011,18:50:14,ok
www.xdowns.com,07-04-2011,18:50:16,ok
www.xiazaiba.com,07-04-2011,18:50:21,ok
www.xjtu.edu.cn,07-04-2011,18:50:22,ok
www.xl.pt,07-04-2011,18:50:28,ok
www.xnxx.com,07-04-2011,18:51:15,ok
www.xrea.jp,07-04-2011,18:51:16,ok
www.xvideoslive.com,07-04-2011,18:51:33,ok
www.yahoo.co.jp,07-04-2011,18:51:40,ok
www.yahoo.com,07-04-2011,18:51:44,ok
www.yallakora.com,07-04-2011,18:51:59,ok
www.yandex.ru,07-04-2011,18:52:02,ok
www.ya.ru,07-04-2011,18:51:35,ok
www.yelp.com,07-04-2011,18:52:03,ok
www.yeri.be,07-04-2011,18:52:19,ok
www.yeritiete.be,07-04-2011,18:52:22,ok
www.yieldmanager.com,07-04-2011,18:53:12,ok
www.yiqifa.com,07-04-2011,18:53:14,ok
www.yiqiwin.com,07-04-2011,18:53:15,ok
www.yomiuri.co.jp,07-04-2011,18:53:18,ok
www.youboy.com,07-04-2011,18:53:20,ok
www.yx007.com,07-04-2011,18:53:45,ok
www.za.net,07-04-2011,18:53:48,ok
www.zaobao.com,07-04-2011,18:53:51,ok
www.zhongsou.net,07-04-2011,18:53:53,ok
www.zp.ua,07-04-2011,18:54:38,ok
www.zto.cn,07-04-2011,18:54:39,ok
yeri.tiete.be,07-04-2011,18:54:40,ok
zero.rootspirit.com,07-04-2011,18:54:43,ok
