api.irail.be,19-10-2011,00:00:11,nok
api.twitter.com,19-10-2011,00:00:12,ok
belaws.irail.be,19-10-2011,00:00:12,ok
blog.irail.be,19-10-2011,00:00:12,ok
blog.tuinslak.org,19-10-2011,00:00:13,ok
blog.twitter.com,19-10-2011,00:00:13,ok
blog.zztopping.com,19-10-2011,00:00:15,nok
bmiwiki.cchmc.org,19-10-2011,00:00:17,ok
boards.4chan.org,19-10-2011,00:00:19,ok
boxun.shuoyi.com,19-10-2011,00:00:29,ok
calendar.google.com,19-10-2011,00:00:29,ok
chrome.google.com,19-10-2011,00:00:29,ok
code.google.com,19-10-2011,00:00:30,ok
contacts.google.com,19-10-2011,00:00:30,ok
de.wikipedia.org,19-10-2011,00:00:30,ok
english.aljazeera.net,19-10-2011,00:00:31,ok
en.rsf.org,19-10-2011,00:00:31,ok
en.wikipedia.org,19-10-2011,00:00:31,ok
four.rootspirit.com,19-10-2011,00:00:31,ok
fr.rsf.org,19-10-2011,00:00:33,ok
fr.wikipedia.org,19-10-2011,00:00:33,ok
i1.ytimg.com,19-10-2011,00:00:33,nok
i2.ytimg.com,19-10-2011,00:00:33,nok
i3.ytimg.com,19-10-2011,00:00:33,nok
i4.ytimg.com,19-10-2011,00:00:33,nok
irc.netsplit.de,19-10-2011,00:00:34,ok
latitude.google.com,19-10-2011,00:00:35,ok
listen.grooveshark.com,19-10-2011,00:00:36,ok
lists.debian.org,19-10-2011,00:00:36,ok
lists.rootspirit.com,19-10-2011,00:00:36,ok
liveboards.irail.be,19-10-2011,00:00:36,ok
mail.google.com,19-10-2011,00:00:36,ok
maps.google.com,19-10-2011,00:00:37,ok
maps.irail.be,19-10-2011,00:00:37,ok
market.android.com,19-10-2011,00:00:37,ok
nerdnotes.org,19-10-2011,00:00:38,ok
news.google.com,19-10-2011,00:00:39,ok
nl.wikipedia.org,19-10-2011,00:00:39,ok
one.rootspirit.com,19-10-2011,00:00:39,ok
online.wsj.com,19-10-2011,00:00:40,ok
picasaweb.google.com,19-10-2011,00:00:40,ok
plus.google.com,19-10-2011,00:00:41,ok
project.irail.be,19-10-2011,00:00:41,nok
prowl.weks.net,19-10-2011,00:00:42,ok
rm.flatturtle.com,19-10-2011,00:00:42,ok
safebrowsing-cache.google.com,19-10-2011,00:00:43,ok
scribe.twitter.com,19-10-2011,00:00:44,ok
search.twitter.com,19-10-2011,00:00:45,ok
s.flatturtle.com,19-10-2011,00:00:43,ok
sites.flatturtle.com,19-10-2011,00:00:46,ok
sites.google.com,19-10-2011,00:00:46,ok
social.implu.com,19-10-2011,00:00:46,nok
source.android.com,19-10-2011,00:00:47,ok
static.0x04.com,19-10-2011,00:00:47,ok
store.apple.com,19-10-2011,00:00:48,ok
sunsite.ualberta.ca,19-10-2011,00:00:49,ok
s.ytimg.com,19-10-2011,00:00:43,nok
tech.karbassi.com,19-10-2011,00:00:49,ok
tipstricks.itmatrix.eu,19-10-2011,00:00:50,ok
tw.yahoo.com,19-10-2011,00:00:52,ok
uk.reuters.com,19-10-2011,00:00:53,ok
vm1.rootspirit.com,19-10-2011,00:00:53,ok
vpn.miiatech.com,19-10-2011,00:01:36,nok
webcache.googleusercontent.com,19-10-2011,00:01:37,ok
wiki.answers.com,19-10-2011,00:01:39,ok
wikileaks.0x04.com,19-10-2011,00:01:39,ok
www.007swz.com,19-10-2011,00:01:42,ok
www.0101.co.jp,19-10-2011,00:01:45,ok
www.0x04.com,19-10-2011,00:01:45,ok
www.0x20.be,19-10-2011,00:01:48,ok
www.1000.tv,19-10-2011,00:01:50,ok
www.104.com.tw,19-10-2011,00:01:53,ok
www.10musume.com,19-10-2011,00:01:54,ok
www.10neen.com,19-10-2011,00:01:55,ok
www.12306.cn,19-10-2011,00:01:57,ok
www.123rf.com,19-10-2011,00:01:59,ok
www.126.net,19-10-2011,00:02:06,ok
www.163.com,19-10-2011,00:02:09,ok
www.17iw.com,19-10-2011,00:02:09,nok
www.198game.net,19-10-2011,00:02:11,ok
www.1hai.cn,19-10-2011,00:02:16,ok
www.1pondo.tv,19-10-2011,00:02:16,ok
www.27xz.com,19-10-2011,00:02:19,ok
www.2a.com,19-10-2011,00:02:21,ok
www.2chan.net,19-10-2011,00:02:22,ok
www.2shared.com,19-10-2011,00:02:22,ok
www.2vlady.com,19-10-2011,00:02:25,ok
www.3322.org,19-10-2011,00:02:29,ok
www.4chan.org,19-10-2011,00:02:30,ok
www.4gamer.net,19-10-2011,00:02:33,ok
www.4shared.com,19-10-2011,00:02:34,ok
www.519tl.com,19-10-2011,00:02:35,ok
www.51e78.com,19-10-2011,00:02:37,nok
www.51yes.com,19-10-2011,00:02:39,ok
www.5ilthy.com,19-10-2011,00:02:40,ok
www.6park.com,19-10-2011,00:02:41,ok
www.777rmb.com,19-10-2011,00:02:42,ok
www.7netshopping.jp,19-10-2011,00:02:43,ok
www.888.com,19-10-2011,00:02:44,ok
www.888promos.com,19-10-2011,00:02:44,ok
www.8teenxxx.com,19-10-2011,00:02:45,ok
www.9189.com,19-10-2011,00:02:47,ok
www.95559.com.cn,19-10-2011,00:02:48,ok
www.9lwan.com,19-10-2011,00:02:55,ok
www.a963.com,19-10-2011,00:02:58,ok
www.abc.com.py,19-10-2011,00:03:02,ok
www.abchina.com,19-10-2011,00:03:04,ok
www.about.com,19-10-2011,00:03:05,ok
www.aboutus.org,19-10-2011,00:03:07,ok
www.accountonline.com,19-10-2011,00:03:08,ok
www.addictinggames.com,19-10-2011,00:03:09,ok
www.adium.im,19-10-2011,00:03:10,ok
www.admin.ch,19-10-2011,00:03:10,ok
www.adobe.com,19-10-2011,00:03:10,ok
www.adsense.blogspot.com,19-10-2011,00:03:11,ok
www.adtechus.com,19-10-2011,00:03:11,ok
www.adultfriendfinder.com,19-10-2011,00:03:13,ok
www.adultgeek.net,19-10-2011,00:03:16,ok
www.adwords.blogspot.com,19-10-2011,00:03:16,ok
www.aemet.es,19-10-2011,00:03:17,ok
www.affiliatefuture.co.uk,19-10-2011,00:03:20,ok
www.af.mil,19-10-2011,00:03:20,ok
www.akinator.com,19-10-2011,00:03:20,ok
www.alabout.com,19-10-2011,00:03:21,ok
www.alivetorrents.com,19-10-2011,00:03:21,ok
www.aljazeera.net,19-10-2011,00:03:21,ok
www.alpha.gr,19-10-2011,00:03:23,ok
www.amakings.com,19-10-2011,00:03:23,ok
www.amateurboobtube.com,19-10-2011,00:03:24,ok
www.amateursexy.net,19-10-2011,00:03:25,ok
www.amazonaws.com,19-10-2011,00:03:30,ok
www.amazon.com,19-10-2011,00:03:27,ok
www.amazon.co.uk,19-10-2011,00:03:26,ok
www.amazon.de,19-10-2011,00:03:28,ok
www.amazon.fr,19-10-2011,00:03:29,ok
www.ameblo.jp,19-10-2011,00:03:32,ok
www.americantowns.com,19-10-2011,00:03:33,ok
www.amiami.jp,19-10-2011,00:03:39,ok
www.amnesty.org,19-10-2011,00:03:39,ok
www.android.com,19-10-2011,00:03:39,ok
www.animecrazy.net,19-10-2011,00:03:39,ok
www.answerbox.net,19-10-2011,00:03:42,ok
www.answers.com,19-10-2011,00:03:43,ok
www.ant.com,19-10-2011,00:03:44,ok
www.aolcdn.com,19-10-2011,00:03:45,ok
www.aol.com,19-10-2011,00:03:45,ok
www.aolnews.com,19-10-2011,00:03:46,ok
www.apetube.com,19-10-2011,00:03:47,ok
www.apinpai.com,19-10-2011,00:03:49,ok
www.appbrain.com,19-10-2011,00:03:51,ok
www.apple.com,19-10-2011,00:03:51,ok
www.appspot.com,19-10-2011,00:03:52,ok
www.archive.org,19-10-2011,00:03:53,ok
www.arena.ne.jp,19-10-2011,00:03:55,ok
www.army.mil,19-10-2011,00:03:57,ok
www.articleblast.com,19-10-2011,00:03:59,ok
www.asahi.com,19-10-2011,00:04:00,ok
www.ask.com,19-10-2011,00:04:00,ok
www.atpages.jp,19-10-2011,00:04:03,ok
www.atwiki.jp,19-10-2011,00:04:06,ok
www.avaaz.org,19-10-2011,00:04:06,ok
www.avg.com,19-10-2011,00:04:07,ok
www.avito.ru,19-10-2011,00:04:07,ok
www.axfc.net,19-10-2011,00:04:09,ok
www.aziani.com,19-10-2011,00:04:10,ok
www.babypink.to,19-10-2011,00:04:13,ok
www.badjojo.com,19-10-2011,00:04:14,ok
www.badongo.com,19-10-2011,00:04:15,ok
www.badoo.com,19-10-2011,00:04:16,ok
www.ba.gov.br,19-10-2011,00:04:12,ok
www.baidu.com,19-10-2011,00:04:18,ok
www.baidu.jp,19-10-2011,00:04:20,ok
www.bancochile.cl,19-10-2011,00:04:22,ok
www.bancoestado.cl,19-10-2011,00:04:24,ok
www.bancomercantil.com,19-10-2011,00:04:26,ok
www.bancomer.com.mx,19-10-2011,00:04:26,ok
www.banesco.com,19-10-2011,00:04:27,ok
www.bangbros1.com,19-10-2011,00:04:28,ok
www.bangbros.com,19-10-2011,00:04:27,ok
www.bankcomm.com,19-10-2011,00:04:29,ok
www.bankmandiri.co.id,19-10-2011,00:04:40,ok
www.bankpasargad.com,19-10-2011,00:04:42,ok
www.banquepopulaire.fr,19-10-2011,00:04:43,ok
www.bbc.co.uk,19-10-2011,00:04:43,ok
www.beanfun.com,19-10-2011,00:04:44,ok
www.bebo.com,19-10-2011,00:04:45,ok
www.belgiumpoker.net,19-10-2011,00:04:45,ok
www.beslist.nl,19-10-2011,00:04:45,ok
www.bet365.com,19-10-2011,00:04:46,ok
www.betfair.com,19-10-2011,00:04:46,ok
www.bigtits.com,19-10-2011,00:04:47,ok
www.bild.de,19-10-2011,00:04:47,ok
www.bing.com,19-10-2011,00:04:48,ok
www.bit.ly,19-10-2011,00:04:49,ok
www.bitsnoop.com,19-10-2011,00:04:50,ok
www.bittorrentfiles.org,19-10-2011,00:04:50,nok
www.blackhatworld.com,19-10-2011,00:04:51,ok
www.blinkogold.ru,19-10-2011,00:04:52,ok
www.blinkx.com,19-10-2011,00:04:53,ok
www.blip.tv,19-10-2011,00:04:54,ok
www.blogcatalog.com,19-10-2011,00:04:57,ok
www.blogcdn.com,19-10-2011,00:04:57,ok
www.blog.de,19-10-2011,00:04:55,ok
www.blogdelnarco.com,19-10-2011,00:04:58,ok
www.blogger.com,19-10-2011,00:04:58,ok
www.bloggerei.de,19-10-2011,00:05:00,ok
www.blogimg.jp,19-10-2011,00:05:01,ok
www.bloglines.com,19-10-2011,00:05:02,ok
www.bloglovin.com,19-10-2011,00:05:02,ok
www.blogspirit.com,19-10-2011,00:05:03,ok
www.blogspot.com,19-10-2011,00:05:03,ok
www.bloguez.com,19-10-2011,00:05:04,ok
www.bloomberg.com,19-10-2011,00:05:06,ok
www.bmi.ir,19-10-2011,00:05:08,ok
www.boardofinnovation.com,19-10-2011,00:05:08,ok
www.boardreader.com,19-10-2011,00:05:09,ok
www.boc.cn,19-10-2011,00:05:13,ok
www.bochk.com,19-10-2011,00:05:14,ok
www.bodog.com,19-10-2011,00:05:15,ok
www.bohelady.com,19-10-2011,00:05:18,ok
www.bokecc.com,19-10-2011,00:05:21,ok
www.bom.gov.au,19-10-2011,00:05:23,ok
www.bookryanair.com,19-10-2011,00:05:23,ok
www.books.com.tw,19-10-2011,00:05:26,ok
www.borders.com,19-10-2011,00:05:28,ok
www.bplaced.net,19-10-2011,00:05:30,ok
www.bravenet.com,19-10-2011,00:05:31,ok
www.break.com,19-10-2011,00:05:32,ok
www.brightkite.com,19-10-2011,00:05:34,ok
www.bukisa.com,19-10-2011,00:05:35,ok
www.bulbagarden.net,19-10-2011,00:05:35,ok
www.burnews.com,19-10-2011,00:05:36,ok
www.businessmodelinnovatie.be,19-10-2011,00:05:37,ok
www.cacaoweb.org,19-10-2011,00:05:37,ok
www.cafepress.com,19-10-2011,00:05:37,ok
www.calciomercato.com,19-10-2011,00:05:38,ok
www.cam4.com,19-10-2011,00:05:39,ok
www.cam.ac.uk,19-10-2011,00:05:38,ok
www.camfrog.com,19-10-2011,00:05:39,ok
www.cams.com,19-10-2011,00:05:40,ok
www.canvas.be,19-10-2011,00:05:40,ok
www.capital.gr,19-10-2011,00:05:40,ok
www.caribbeancom.com,19-10-2011,00:05:45,ok
www.cari.com.my,19-10-2011,00:05:44,ok
www.carros.com.br,19-10-2011,00:05:48,ok
www.carsales.com.au,19-10-2011,00:05:49,ok
www.carwale.com,19-10-2011,00:05:50,ok
www.casadellibro.com,19-10-2011,00:05:51,ok
www.casinocity.com,19-10-2011,00:06:02,ok
www.casino.com,19-10-2011,00:06:01,ok
www.castorama.fr,19-10-2011,00:06:02,nok
www.ccb.com,19-10-2011,00:06:03,ok
www.ccb.com.cn,19-10-2011,00:06:05,ok
www.cebbank.com,19-10-2011,00:06:06,ok
www.cecile.co.jp,19-10-2011,00:06:08,ok
www.census.gov,19-10-2011,00:06:09,ok
www.centrum.cz,19-10-2011,00:06:09,ok
www.cheggit.nl,19-10-2011,00:06:13,ok
www.chevrolet.com.cn,19-10-2011,00:06:16,ok
www.chilehardware.cl,19-10-2011,00:06:51,nok
www.chinaih.com,19-10-2011,00:06:54,ok
www.chinamobile.com,19-10-2011,00:06:56,ok
www.china.org.cn,19-10-2011,00:06:53,ok
www.chinapay.com,19-10-2011,00:06:58,ok
www.chinarank.org.cn,19-10-2011,00:07:04,ok
www.chinatimes.com,19-10-2011,00:07:06,ok
www.chizumaru.com,19-10-2011,00:07:09,ok
www.chrispederick.com,19-10-2011,00:07:09,ok
www.chromium.org,19-10-2011,00:07:10,ok
www.chunichi.co.jp,19-10-2011,00:07:13,ok
www.cib.com.cn,19-10-2011,00:07:16,ok
www.cinema3satu.blogspot.com,19-10-2011,00:07:16,nok
www.cisco.com,19-10-2011,00:07:17,ok
www.citrix.com,19-10-2011,00:07:18,ok
www.ck101.com,19-10-2011,00:07:19,ok
www.classmates.com,19-10-2011,00:08:22,ok
www.clientsfromhell.net,19-10-2011,00:08:24,ok
www.clipfish.de,19-10-2011,00:08:25,ok
www.cliphunter.com,19-10-2011,00:08:25,ok
www.cl.ly,19-10-2011,00:07:20,ok
www.cloudflare.com,19-10-2011,00:08:26,ok
www.clubedohardware.com.br,19-10-2011,00:08:31,ok
www.cmbc.com.cn,19-10-2011,00:08:34,ok
www.cmbchina.com,19-10-2011,00:08:37,ok
www.cncmax.cn,19-10-2011,00:08:39,ok
www.cnet.com,19-10-2011,00:08:42,ok
www.cnn.com,19-10-2011,00:08:44,ok
www.cnsuning.com,19-10-2011,00:08:46,ok
www.cnzz.cn,19-10-2011,00:08:50,ok
www.coches.net,19-10-2011,00:08:51,ok
www.cocolog-nifty.com,19-10-2011,00:08:52,ok
www.coderwall.com,19-10-2011,00:08:53,ok
www.colbertnation.com,19-10-2011,00:08:54,ok
www.collegeconfidential.com,19-10-2011,00:08:55,ok
www.collegehumor.com,19-10-2011,00:08:57,ok
www.color.com,19-10-2011,00:08:57,ok
www.comedycentral.com,19-10-2011,00:09:01,ok
www.com.kz,19-10-2011,00:09:00,ok
www.companieshouse.gov.uk,19-10-2011,00:09:01,ok
www.cool.ne.jp,19-10-2011,00:09:03,ok
www.corporate-ir.net,19-10-2011,00:09:03,ok
www.cotweet.com,19-10-2011,00:09:04,ok
www.couponcabin.com,19-10-2011,00:09:05,ok
www.craigslist.org,19-10-2011,00:09:07,ok
www.creaders.net,19-10-2011,00:09:08,ok
www.criteo.com,19-10-2011,00:09:09,ok
www.crunchbanglinux.org,19-10-2011,00:09:09,ok
www.crutchfield.com,19-10-2011,00:09:11,ok
www.cs.com.cn,19-10-2011,00:09:14,ok
www.csnstores.com,19-10-2011,00:09:16,ok
www.ct10000.com,19-10-2011,00:09:20,ok
www.cz.cc,19-10-2011,00:09:21,ok
www.dagospia.com,19-10-2011,00:09:21,ok
www.dailymail.co.uk,19-10-2011,00:09:21,ok
www.dailymotion.com,19-10-2011,00:09:21,ok
www.daisycon.com,19-10-2011,00:09:22,ok
www.dal.net,19-10-2011,00:09:22,ok
www.dancingbear.com,19-10-2011,00:09:23,ok
www.darkmyst.org,19-10-2011,00:09:23,ok
www.darkstormguild.com,19-10-2011,00:09:23,ok
www.dba.dk,19-10-2011,00:09:23,ok
www.debian-multimedia.org,19-10-2011,00:09:23,ok
www.debian.org,19-10-2011,00:09:24,ok
www.decoo.jp,19-10-2011,00:09:26,ok
www.delicious.com,19-10-2011,00:09:27,ok
www.democracy.com,19-10-2011,00:09:27,ok
www.designerterminal.com,19-10-2011,00:09:29,ok
www.deviantart.com,19-10-2011,00:09:30,ok
www.dh005.com,19-10-2011,00:09:32,ok
www.dhc.co.jp,19-10-2011,00:09:34,ok
www.dhs.gov,19-10-2011,00:09:34,ok
www.digg.com,19-10-2011,00:09:37,ok
www.diguo180.com,19-10-2011,00:09:39,ok
www.diigo.com,19-10-2011,00:09:40,ok
www.dion.ne.jp,19-10-2011,00:09:41,ok
www.dipity.com,19-10-2011,00:10:43,ok
www.dirty.ru,19-10-2011,00:10:43,ok
www.discuss.com.hk,19-10-2011,00:10:47,ok
www.disqus.com,19-10-2011,00:10:48,ok
www.dlsite.com,19-10-2011,00:10:50,ok
www.dnbnor.no,19-10-2011,00:10:51,ok
www.doityourself.com,19-10-2011,00:10:52,ok
www.dom2.ru,19-10-2011,00:10:53,ok
www.donedeal.ie,19-10-2011,00:10:53,ok
www.dospy.com,19-10-2011,00:10:56,ok
www.doujin-games88.blogspot.com,19-10-2011,00:10:57,nok
www.downforeveryoneorjustme.com,19-10-2011,00:10:57,ok
www.download.com,19-10-2011,00:10:59,ok
www.downxia.com,19-10-2011,00:11:02,ok
www.dropbox.com,19-10-2011,00:11:03,ok
www.drtuber.com,19-10-2011,00:11:04,ok
www.dtiblog.com,19-10-2011,00:11:07,ok
www.dti.ne.jp,19-10-2011,00:11:06,ok
www.dtiserv2.com,19-10-2011,00:11:08,ok
www.duga.jp,19-10-2011,00:11:15,ok
www.dumpert.nl,19-10-2011,00:11:15,ok
www.dw-world.de,19-10-2011,00:11:16,ok
www.dxlive.com,19-10-2011,00:11:17,ok
www.dy2018.net,19-10-2011,00:11:21,nok
www.dygod.net,19-10-2011,00:11:24,nok
www.dyndns.com,19-10-2011,00:11:25,ok
www.e2ma.net,19-10-2011,00:11:27,ok
www.ea.com,19-10-2011,00:11:28,ok
www.ebay.com,19-10-2011,00:11:29,ok
www.ebookbrowse.com,19-10-2011,00:11:30,ok
www.ed.ac.uk,19-10-2011,00:11:31,ok
www.edublogs.org,19-10-2011,00:11:32,ok
www.een.be,19-10-2011,00:11:32,ok
www.eff.org,19-10-2011,00:11:34,ok
www.efnet.org,19-10-2011,00:11:37,ok
www.egooad.com,19-10-2011,00:11:39,ok
www.elmundodeportivo.es,19-10-2011,00:11:40,ok
www.elog-ch.com,19-10-2011,00:11:41,ok
www.empflix.com,19-10-2011,00:11:41,ok
www.engadget.com,19-10-2011,00:11:41,ok
www.epochtimes.com,19-10-2011,00:11:44,ok
www.e-travel.com,19-10-2011,00:11:26,ok
www.europeancasinoassociation.org,19-10-2011,00:11:44,ok
www.eventful.com,19-10-2011,00:11:46,ok
www.evidus.com,19-10-2011,00:11:47,ok
www.exploader.net,19-10-2011,00:11:49,ok
www.extratorrent.com,19-10-2011,00:11:49,ok
www.extremetube.com,19-10-2011,00:11:50,ok
www.eyny.com,19-10-2011,00:11:51,ok
www.eztv.it,19-10-2011,00:11:53,ok
www.facebook.com,19-10-2011,00:11:53,ok
www.fahrinfo-berlin.de,19-10-2011,00:11:54,ok
www.fakku.net,19-10-2011,00:11:55,ok
www.fandango.com,19-10-2011,00:11:55,ok
www.fantong.com,19-10-2011,00:11:57,ok
www.fao.org,19-10-2011,00:11:57,ok
www.fastpic.ru,19-10-2011,00:11:58,ok
www.favotter.net,19-10-2011,00:12:00,ok
www.favstar.fm,19-10-2011,00:12:01,ok
www.fbcdn.net,19-10-2011,00:12:02,ok
www.fbi.gov,19-10-2011,00:12:02,ok
www.fc2.com,19-10-2011,00:12:03,ok
www.fda.gov,19-10-2011,00:12:03,ok
www.fedoraproject.org,19-10-2011,00:12:05,ok
www.femjoy.com,19-10-2011,00:12:06,ok
www.filesend.to,19-10-2011,00:12:08,ok
www.fileserve.com,19-10-2011,00:12:09,ok
www.filestube.com,19-10-2011,00:12:09,ok
www.filmstarts.de,19-10-2011,00:12:09,ok
www.flagfox.net,19-10-2011,00:12:10,ok
www.flashgames.it,19-10-2011,00:12:11,ok
www.flashwing.net,19-10-2011,00:12:14,ok
www.flatturtle.com,19-10-2011,00:12:14,ok
www.fleshbot.com,19-10-2011,00:12:15,ok
www.flickr.com,19-10-2011,00:12:16,ok
www.flipkart.com,19-10-2011,00:12:17,ok
www.flyaerlingus.com,19-10-2011,00:12:17,ok
www.flycell.com.br,19-10-2011,00:12:19,ok
www.fnismls.com,19-10-2011,00:12:20,ok
www.fooooo.com,19-10-2011,00:12:22,ok
www.forum.hr,19-10-2011,00:12:23,ok
www.fotocasa.es,19-10-2011,00:12:23,ok
www.foursquare.com,19-10-2011,00:12:24,ok
www.foxtab.com,19-10-2011,00:12:25,ok
www.freakshare.com,19-10-2011,00:12:25,ok
www.free.fr,19-10-2011,00:12:25,ok
www.freelotto.com,19-10-2011,00:12:26,ok
www.freenode.net,19-10-2011,00:12:27,ok
www.freepornofreeporn.com,19-10-2011,00:12:28,ok
www.freeridegames.com,19-10-2011,00:12:28,ok
www.freeservers.com,19-10-2011,00:12:32,ok
www.freetibet.org,19-10-2011,00:12:33,ok
www.freewebs.com,19-10-2011,00:12:34,ok
www.friendfeed.com,19-10-2011,00:12:36,ok
www.friendfeed-media.com,19-10-2011,00:12:35,ok
www.friendster.com,19-10-2011,00:12:38,ok
www.fruitmail.net,19-10-2011,00:12:40,ok
www.ftchinese.com,19-10-2011,00:12:40,ok
www.fujitv.co.jp,19-10-2011,00:12:42,ok
www.fulltiltpoker.com,19-10-2011,00:12:44,ok
www.gad.de,19-10-2011,00:12:44,ok
www.galeon.com,19-10-2011,00:12:44,ok
www.gamebase.com.tw,19-10-2011,00:12:46,ok
www.gamer.com.tw,19-10-2011,00:12:47,ok
www.gamerp.jp,19-10-2011,00:12:48,ok
www.gametrailers.com,19-10-2011,00:12:49,ok
www.gameva.net,19-10-2011,00:12:50,nok
www.gather.com,19-10-2011,00:12:52,ok
www.gaytube.com,19-10-2011,00:12:53,ok
www.gazzetta.it,19-10-2011,00:12:53,ok
www.gc.ca,19-10-2011,00:12:54,ok
www.gdb.com.cn,19-10-2011,00:12:57,ok
www.geekonaute.fr,19-10-2011,00:12:58,ok
www.geenstijl.nl,19-10-2011,00:12:58,ok
www.generation-nt.com,19-10-2011,00:13:00,ok
www.gentoo.org,19-10-2011,00:13:01,ok
www.geocities.co.jp,19-10-2011,00:13:04,ok
www.geocities.jp,19-10-2011,00:13:05,ok
www.getiton.com,19-10-2011,00:13:08,ok
www.getminted.com,19-10-2011,00:13:08,ok
www.getuploader.com,19-10-2011,00:13:10,ok
www.gigporno.ru,19-10-2011,00:13:11,ok
www.github.com,19-10-2011,00:13:12,ok
www.gizmodo.com,19-10-2011,00:13:13,ok
www.gizmodo.jp,19-10-2011,00:13:16,ok
www.gmailblog.blogspot.com,19-10-2011,00:13:16,ok
www.gmail.com,19-10-2011,00:13:16,ok
www.gmxattachments.net,19-10-2011,00:13:17,ok
www.gmx.de,19-10-2011,00:13:17,ok
www.gmx.net,19-10-2011,00:13:17,ok
www.gnupg.org,19-10-2011,00:13:17,ok
www.go2cloud.org,19-10-2011,00:13:19,ok
www.gob.ve,19-10-2011,00:13:22,nok
www.go.com,19-10-2011,00:13:19,ok
www.gocsgo.com,19-10-2011,00:13:25,ok
www.godaddy.com,19-10-2011,00:13:26,ok
www.godgame.com.tw,19-10-2011,00:13:29,ok
www.goodreads.com,19-10-2011,00:13:30,ok
www.googleadservices.com,19-10-2011,00:13:32,ok
www.googleartproject.com,19-10-2011,00:13:33,ok
www.google.be,19-10-2011,00:13:30,ok
www.googleblog.blogspot.com,19-10-2011,00:13:33,ok
www.google.cn,19-10-2011,00:13:30,ok
www.google.co.in,19-10-2011,00:13:30,ok
www.google.co.jp,19-10-2011,00:13:30,ok
www.google.com,19-10-2011,00:13:31,ok
www.google.com.au,19-10-2011,00:13:31,ok
www.google.com.hk,19-10-2011,00:13:31,ok
www.google.com.pk,19-10-2011,00:13:31,ok
www.google.com.sg,19-10-2011,00:13:31,ok
www.google.com.tr,19-10-2011,00:13:32,ok
www.google.co.th,19-10-2011,00:13:31,ok
www.google.co.uk,19-10-2011,00:13:31,ok
www.google.de,19-10-2011,00:13:32,ok
www.google.fr,19-10-2011,00:13:32,ok
www.google.it,19-10-2011,00:13:32,ok
www.google.nl,19-10-2011,00:13:32,ok
www.googlesystem.blogspot.com,19-10-2011,00:13:34,ok
www.googlewebmastercentral.blogspot.com,19-10-2011,00:13:35,ok
www.gotgayporn.com,19-10-2011,00:13:35,ok
www.gougou.com,19-10-2011,00:13:36,ok
www.gov.on.ca,19-10-2011,00:13:37,ok
www.gowalla.com,19-10-2011,00:13:39,ok
www.gpoint.co.jp,19-10-2011,00:13:42,ok
www.gpotato.eu,19-10-2011,00:13:42,ok
www.gravatar.com,19-10-2011,00:13:49,ok
www.greatfirewallofchina.org,19-10-2011,00:13:49,ok
www.greedytorrent.com,19-10-2011,00:13:50,ok
www.grindtv.com,19-10-2011,00:13:51,ok
www.grooveshark.com,19-10-2011,00:13:53,ok
www.growl.info,19-10-2011,00:13:54,ok
www.grupobancolombia.com,19-10-2011,00:13:55,ok
www.gruposantander.es,19-10-2011,00:13:56,ok
www.guardian.co.uk,19-10-2011,00:13:56,ok
www.gutteruncensorednewsb.blogspot.com,19-10-2011,00:13:56,nok
www.gva.be,19-10-2011,00:13:56,ok
www.gyyx.cn,19-10-2011,00:13:59,ok
www.hackforums.net,19-10-2011,00:14:00,ok
www.halifax-online.co.uk,19-10-2011,00:14:04,ok
www.hao722.cn,19-10-2011,00:14:08,nok
www.harborfreight.com,19-10-2011,00:14:08,ok
www.hattrick.org,19-10-2011,00:14:08,ok
www.hbs.edu,19-10-2011,00:14:09,ok
www.hbvl.be,19-10-2011,00:14:09,ok
www.hdouga.com,19-10-2011,00:14:11,ok
www.hd-torrents.org,19-10-2011,00:14:09,ok
www.hgtv.com,19-10-2011,00:14:12,ok
www.hi5.com,19-10-2011,00:14:15,ok
www.hidemyass.com,19-10-2011,00:14:58,nok
www.hi-ho.ne.jp,19-10-2011,00:14:13,ok
www.hinet.net,19-10-2011,00:15:01,ok
www.hip2save.com,19-10-2011,00:15:02,ok
www.hkgolden.com,19-10-2011,00:16:57,ok
www.hkjc.com,19-10-2011,00:17:02,ok
www.hkreporter.com,19-10-2011,00:17:06,ok
www.hmrc.gov.uk,19-10-2011,00:17:07,ok
www.home.ne.jp,19-10-2011,00:17:10,ok
www.honda.co.jp,19-10-2011,00:17:12,ok
www.hootsuite.com,19-10-2011,00:17:13,ok
www.hotfile123.com,19-10-2011,00:17:15,ok
www.hotfile.com,19-10-2011,00:17:14,ok
www.hotmail.com,19-10-2011,00:17:16,ok
www.hp.com,19-10-2011,00:17:17,ok
www.huffingtonpost.com,19-10-2011,00:17:18,ok
www.hulu.com,19-10-2011,00:17:18,ok
www.hyves.nl,19-10-2011,00:17:18,ok
www.ibibo.com,19-10-2011,00:17:23,ok
www.ibm.com,19-10-2011,00:17:25,ok
www.icbc.com.cn,19-10-2011,00:17:27,ok
www.icisleri.gov.tr,19-10-2011,00:17:28,ok
www.identi.ca,19-10-2011,00:17:31,ok
www.idlebox.net,19-10-2011,00:17:32,ok
www.ign.com,19-10-2011,00:17:32,ok
www.ignou.ac.in,19-10-2011,00:17:36,ok
www.i-like-movie.com,19-10-2011,00:17:19,ok
www.ilmessaggero.it,19-10-2011,00:17:36,ok
www.imagerise.com,19-10-2011,00:17:39,ok
www.imageshack.us,19-10-2011,00:17:40,ok
www.imagevenue.com,19-10-2011,00:17:41,ok
www.imdb.com,19-10-2011,00:17:41,ok
www.imgur.com,19-10-2011,00:17:42,ok
www.indiatimes.com,19-10-2011,00:17:44,ok
www.infojobs.com.br,19-10-2011,00:17:44,ok
www.inhetnieuws.nl,19-10-2011,00:17:47,ok
www.inps.it,19-10-2011,00:17:47,ok
www.instagr.am,19-10-2011,00:17:48,ok
www.instagram.com,19-10-2011,00:17:48,ok
www.i-part.com.tw,19-10-2011,00:17:22,ok
www.irail.be,19-10-2011,00:17:48,ok
www.irail.nl,19-10-2011,00:17:48,ok
www.ircnet.org,19-10-2011,00:17:48,ok
www.irs.gov,19-10-2011,00:17:49,ok
www.isohunt.com,19-10-2011,00:17:49,ok
www.itmedia.co.jp,19-10-2011,00:17:53,ok
www.itprofessional.be,19-10-2011,00:17:53,ok
www.its-mo.com,19-10-2011,00:17:55,ok
www.iza.ne.jp,19-10-2011,00:17:59,ok
www.izlesene.com,19-10-2011,00:17:59,ok
www.jabber.org,19-10-2011,00:18:00,ok
www.jalopnik.com,19-10-2011,00:18:01,ok
www.japannetbank.co.jp,19-10-2011,00:18:03,ok
www.japantimes.co.jp,19-10-2011,00:18:05,ok
www.jfdaily.com,19-10-2011,00:18:08,ok
www.jinzhao99.com,19-10-2011,00:18:11,ok
www.jitbit.com,19-10-2011,00:18:11,ok
www.jma.go.jp,19-10-2011,00:18:13,ok
www.jobrapido.de,19-10-2011,00:18:14,ok
www.johnnys-net.jp,19-10-2011,00:18:15,ok
www.joindiaspora.com,19-10-2011,00:18:17,ok
www.joomlaworks.gr,19-10-2011,00:18:17,ok
www.joomlaxtc.com,19-10-2011,00:18:19,ok
www.jra.go.jp,19-10-2011,00:18:22,ok
www.jreast.co.jp,19-10-2011,00:18:23,ok
www.jr-odekake.net,19-10-2011,00:18:20,ok
www.jumptags.com,19-10-2011,00:18:25,ok
www.justunfollow.com,19-10-2011,00:18:25,ok
www.jz123.com,19-10-2011,00:18:32,ok
www.kajabi.com,19-10-2011,00:18:33,ok
www.kathimerini.gr,19-10-2011,00:18:34,ok
www.kddi.com,19-10-2011,00:18:36,ok
www.keezmovies.com,19-10-2011,00:18:36,ok
www.keio.ac.jp,19-10-2011,00:18:39,ok
www.kendincos.net,19-10-2011,00:18:39,ok
www.kickasstorrents.com,19-10-2011,00:18:40,ok
www.kinghost.com,19-10-2011,00:18:41,ok
www.kino.de,19-10-2011,00:18:43,ok
www.kir.jp,19-10-2011,00:18:45,ok
www.kkgame.cn,19-10-2011,00:18:47,ok
www.klikbca.com,19-10-2011,00:18:51,ok
www.klout.com,19-10-2011,00:18:52,ok
www.kuronekoyamato.co.jp,19-10-2011,00:18:53,ok
www.labnol.blogspot.com,19-10-2011,00:18:53,ok
www.ladbrokes.com,19-10-2011,00:18:54,ok
www.lalulalu.com,19-10-2011,00:18:57,ok
www.launches.net,19-10-2011,00:18:58,ok
www.ldblog.jp,19-10-2011,00:19:00,ok
www.lemonde.fr,19-10-2011,00:19:01,ok
www.lexilogos.com,19-10-2011,00:19:01,ok
www.libyafeb17.com,19-10-2011,00:19:01,ok
www.lifehacker.com,19-10-2011,00:19:02,ok
www.limetorrents.com,19-10-2011,00:19:02,ok
www.linkedin.com,19-10-2011,00:19:02,ok
www.linkhelper.cn,19-10-2011,00:19:14,ok
www.linux.com,19-10-2011,00:19:17,ok
www.linuxquestions.org,19-10-2011,00:19:18,ok
www.liputan6.com,19-10-2011,00:19:20,ok
www.live.com,19-10-2011,00:19:22,ok
www.livejasmin.com,19-10-2011,00:19:22,ok
www.livejournal.com,19-10-2011,00:19:23,ok
www.liveperson.net,19-10-2011,00:19:23,ok
www.livestation.com,19-10-2011,00:19:24,ok
www.livestream.com,19-10-2011,00:19:25,ok
www.livevideo.com,19-10-2011,00:19:28,ok
www.lloydstsb.co.uk,19-10-2011,00:19:31,ok
www.loadays.org,19-10-2011,00:19:32,ok
www.lockerz.com,19-10-2011,00:19:32,ok
www.logmein.com,19-10-2011,00:19:33,ok
www.lulzimg.com,19-10-2011,00:19:33,ok
www.lulzsecurity.com,19-10-2011,00:19:33,ok
www.lustyguide.com,19-10-2011,00:19:34,ok
www.lxde.org,19-10-2011,00:19:38,ok
www.macnews.de,19-10-2011,00:19:39,ok
www.mademan.com,19-10-2011,00:19:41,ok
www.madrid.org,19-10-2011,00:19:41,ok
www.mail-archive.com,19-10-2011,00:19:44,ok
www.mail.ru,19-10-2011,00:19:44,ok
www.mai-net.net,19-10-2011,00:19:43,ok
www.marieclairechina.com,19-10-2011,00:19:47,ok
www.mashable.com,19-10-2011,00:19:48,ok
www.maybank2u.com.my,19-10-2011,00:19:51,ok
www.mcdonalds.co.jp,19-10-2011,00:19:52,ok
www.mcgill.ca,19-10-2011,00:19:53,ok
www.meb.gov.tr,19-10-2011,00:19:53,ok
www.mec.es,19-10-2011,00:19:54,ok
www.mec.gov.br,19-10-2011,00:19:55,ok
www.mediafire.com,19-10-2011,00:19:56,ok
www.mediaset.it,19-10-2011,00:19:56,ok
www.meetup.com,19-10-2011,00:19:56,ok
www.mefeedia.com,19-10-2011,00:19:57,ok
www.megaporn.com,19-10-2011,00:19:58,ok
www.megatv.com,19-10-2011,00:19:58,ok
www.megaupload.com,19-10-2011,00:19:59,ok
www.megavideo.com,19-10-2011,00:19:59,ok
www.metacafe.com,19-10-2011,00:20:00,ok
www.mhlw.go.jp,19-10-2011,00:20:03,ok
www.microsoft.com,19-10-2011,00:20:03,ok
www.microsofttranslator.com,19-10-2011,00:20:03,ok
www.mihanblog.com,19-10-2011,00:20:04,ok
www.miiatech.com,19-10-2011,00:20:05,ok
www.miibeian.gov.cn,19-10-2011,00:20:06,ok
www.miitbeian.gov.cn,19-10-2011,00:20:07,ok
www.minghui.org,19-10-2011,00:20:08,ok
www.mingpao.com,19-10-2011,00:20:11,ok
www.mitbbs.com,19-10-2011,00:20:12,ok
www.mixx.com,19-10-2011,00:20:12,ok
www.mizuhobank.co.jp,19-10-2011,00:20:15,ok
www.mlit.go.jp,19-10-2011,00:20:20,ok
www.mlxchange.com,19-10-2011,00:20:21,ok
www.mmaaxx.com,19-10-2011,00:20:22,ok
www.mobile01.com,19-10-2011,00:20:24,ok
www.mobypicture.com,19-10-2011,00:20:25,ok
www.modernizr.com,19-10-2011,00:20:26,ok
www.mohegunsun.com,19-10-2011,00:20:27,ok
www.momoshop.com.tw,19-10-2011,00:20:37,ok
www.moviegalleri.in,19-10-2011,00:20:38,ok
www.movies.com,19-10-2011,00:20:39,ok
www.mris.com,19-10-2011,00:20:40,ok
www.msn.com,19-10-2011,00:20:41,ok
www.mt-50.com,19-10-2011,00:21:24,nok
www.mtv.com,19-10-2011,00:21:24,ok
www.muare.vn,19-10-2011,00:21:29,ok
www.multiply.com,19-10-2011,00:21:30,ok
www.multiupload.com,19-10-2011,00:21:31,ok
www.mybrowserbar.com,19-10-2011,00:21:31,ok
www.mycom.co.jp,19-10-2011,00:21:33,ok
www.mylovewebs.cn,19-10-2011,00:21:34,nok
www.mymodernmet.com,19-10-2011,00:21:35,ok
www.myspace.com,19-10-2011,00:21:36,ok
www.myvideo.de,19-10-2011,00:21:36,ok
www.myyearbook.com,19-10-2011,00:21:37,ok
www.nakadashi.to,19-10-2011,00:21:38,ok
www.namipan.com,19-10-2011,00:21:40,ok
www.narod.ru,19-10-2011,00:21:40,ok
www.nasa.gov,19-10-2011,00:21:40,ok
www.nastyvideotube.com,19-10-2011,00:21:42,ok
www.navitime.co.jp,19-10-2011,00:21:44,ok
www.navy.mil,19-10-2011,00:21:44,ok
www.neopets.com,19-10-2011,00:21:45,ok
www.nerdnearby.com,19-10-2011,00:21:45,ok
www.netflix.com,19-10-2011,00:21:47,ok
www.netlog.be,19-10-2011,00:21:48,ok
www.netmile.co.jp,19-10-2011,00:21:50,ok
www.netsolhost.com,19-10-2011,00:21:50,ok
www.netteller.com,19-10-2011,00:21:52,ok
www.network54.com,19-10-2011,00:21:52,ok
www.networkedblogs.com,19-10-2011,00:21:52,ok
www.netzpolitik.org,19-10-2011,00:21:53,ok
www.news-postseven.com,19-10-2011,00:21:55,ok
www.nexon.co.jp,19-10-2011,00:21:56,ok
www.nfdaily.cn,19-10-2011,00:22:01,ok
www.nhk.or.jp,19-10-2011,00:22:03,ok
www.nick.com,19-10-2011,00:22:03,ok
www.nickdemey.be,19-10-2011,00:22:04,ok
www.nickjr.com,19-10-2011,00:22:04,ok
www.nicovideo.jp,19-10-2011,00:22:06,ok
www.nieuwsblad.be,19-10-2011,00:22:06,ok
www.nii.ac.jp,19-10-2011,00:22:10,ok
www.nikkansports.com,19-10-2011,00:22:12,ok
www.nikkei.co.jp,19-10-2011,00:22:15,ok
www.ning.com,19-10-2011,00:22:16,ok
www.nintendo.com,19-10-2011,00:22:29,ok
www.nocookie.net,19-10-2011,00:22:29,nok
www.nothingtoxic.com,19-10-2011,00:22:30,ok
www.noticias3d.com,19-10-2011,00:22:31,ok
www.nps.gov,19-10-2011,00:22:32,ok
www.nrk.no,19-10-2011,00:22:32,ok
www.nta.go.jp,19-10-2011,00:22:34,ok
www.nttdocomo.co.jp,19-10-2011,00:22:35,ok
www.ntu.edu.tw,19-10-2011,00:22:37,ok
www.ntv.co.jp,19-10-2011,00:22:38,ok
www.nytimes.com,19-10-2011,00:22:40,ok
www.occ.com.mx,19-10-2011,00:22:41,ok
www.ocn.ne.jp,19-10-2011,00:22:46,ok
www.ocxxx.com,19-10-2011,00:22:46,ok
www.ofertix.com,19-10-2011,00:22:47,ok
www.okaz.com.sa,19-10-2011,00:22:49,ok
www.onani-daisuki.com,19-10-2011,00:22:50,ok
www.onlae.es,19-10-2011,00:22:51,ok
www.onlinecasinoking.com,19-10-2011,00:22:59,ok
www.onlinecasinoplaygames.com,19-10-2011,00:22:59,ok
www.onlinecreditcenter6.com,19-10-2011,00:23:01,ok
www.online.sh.cn,19-10-2011,00:22:59,ok
www.open.ac.uk,19-10-2011,00:23:01,ok
www.opendemocracy.net,19-10-2011,00:23:01,ok
www.openpr.de,19-10-2011,00:23:02,ok
www.opensubtitles.net,19-10-2011,00:23:02,ok
www.opensuse.org,19-10-2011,00:23:03,ok
www.orange-hiyoko.blogspot.com,19-10-2011,00:23:04,ok
www.orbooks.com,19-10-2011,00:23:05,ok
www.oricon.co.jp,19-10-2011,00:23:07,ok
www.orkut.com,19-10-2011,00:23:08,ok
www.oursogo.com,19-10-2011,00:23:09,ok
www.overture.com,19-10-2011,00:23:12,ok
www.ow.ly,19-10-2011,00:23:13,ok
www.p5w.net,19-10-2011,00:23:21,ok
www.pacificpoker.com,19-10-2011,00:23:21,ok
www.pacopacomama.com,19-10-2011,00:23:21,ok
www.pagerage.com,19-10-2011,00:23:22,ok
www.pagesperso-orange.fr,19-10-2011,00:23:23,ok
www.pandora.tv,19-10-2011,00:23:25,ok
www.paper.li,19-10-2011,00:23:28,ok
www.pap.fr,19-10-2011,00:23:25,ok
www.parentsconnect.com,19-10-2011,00:23:29,ok
www.partycasino.com,19-10-2011,00:23:29,ok
www.partypoker.com,19-10-2011,00:23:29,ok
www.partypoker.fr,19-10-2011,00:23:29,ok
www.passion.com,19-10-2011,00:23:31,ok
www.payamsara.com,19-10-2011,00:23:31,ok
www.paypal.be,19-10-2011,00:23:38,ok
www.paypal.com,19-10-2011,00:23:43,ok
www.paypal-shopping.com,19-10-2011,00:23:33,ok
www.pbworks.com,19-10-2011,00:23:44,ok
www.perfspot.com,19-10-2011,00:23:45,ok
www.photobucket.com,19-10-2011,00:23:47,ok
www.photosex.biz,19-10-2011,00:23:47,ok
www.phpnuke.ir,19-10-2011,00:23:51,ok
www.php.su,19-10-2011,00:23:48,ok
www.phpwind.com,19-10-2011,00:23:53,ok
www.pichunter.com,19-10-2011,00:23:54,ok
www.pimpandhost.com,19-10-2011,00:23:54,ok
www.ping.fm,19-10-2011,00:23:55,ok
www.pixnet.net,19-10-2011,00:23:57,ok
www.planet23.com,19-10-2011,00:23:58,ok
www.playboy.com,19-10-2011,00:23:59,ok
www.plurk.com,19-10-2011,00:24:01,ok
www.pocket-lint.com,19-10-2011,00:24:01,ok
www.pokerclub.be,19-10-2011,00:24:02,ok
www.poker.com,19-10-2011,00:24:02,ok
www.pokerlistings.com,19-10-2011,00:24:03,ok
www.pokernews.com,19-10-2011,00:24:04,ok
www.pokerstars.com,19-10-2011,00:24:04,ok
www.pontofrio.com.br,19-10-2011,00:24:05,ok
www.poppen.de,19-10-2011,00:24:05,ok
www.pornhub.com,19-10-2011,00:24:06,ok
www.pornoxo.com,19-10-2011,00:24:07,ok
www.porntube.com,19-10-2011,00:24:08,ok
www.pornvisit.com,19-10-2011,00:24:08,ok
www.posterous.com,19-10-2011,00:24:13,ok
www.prefetch.net,19-10-2011,00:24:13,ok
www.premierleague.com,19-10-2011,00:24:13,ok
www.privet.ru,19-10-2011,00:24:15,ok
www.productlaunchformula.com,19-10-2011,00:24:16,ok
www.programmingforums.org,19-10-2011,00:24:17,ok
www.ps3iso.com,19-10-2011,00:25:00,nok
www.psdisasters.com,19-10-2011,00:25:03,ok
www.publicidees.com,19-10-2011,00:25:03,ok
www.pudelek.pl,19-10-2011,00:25:03,ok
www.pussy.org,19-10-2011,00:25:04,ok
www.p-world.co.jp,19-10-2011,00:23:16,ok
www.qeedoo.com,19-10-2011,00:25:09,ok
www.qibosoft.com,19-10-2011,00:25:11,ok
www.qq937.com,19-10-2011,00:25:18,ok
www.qq.com,19-10-2011,00:25:17,ok
www.qqnz.com,19-10-2011,00:25:19,nok
www.qqtn.com,19-10-2011,00:25:22,ok
www.quakenet.org,19-10-2011,00:25:23,ok
www.quora.com,19-10-2011,00:25:24,ok
www.qwerly.com,19-10-2011,00:25:24,ok
www.r1fclick.com,19-10-2011,00:25:24,ok
www.rackerhacker.com,19-10-2011,00:25:25,ok
www.radaris.com,19-10-2011,00:25:26,ok
www.rakuten.com,19-10-2011,00:25:32,ok
www.rakuten-kc.co.jp,19-10-2011,00:25:29,ok
www.rakuten.ne.jp,19-10-2011,00:25:33,ok
www.rapidshare.com,19-10-2011,00:25:33,ok
www.reddit.com,19-10-2011,00:25:33,ok
www.redhat.com,19-10-2011,00:25:34,ok
www.redtube.com,19-10-2011,00:25:35,ok
www.refactormycode.com,19-10-2011,00:25:37,ok
www.reference.com,19-10-2011,00:25:38,ok
www.replays.net,19-10-2011,00:25:40,ok
www.repubblica.it,19-10-2011,00:25:41,ok
www.republika.co.id,19-10-2011,00:25:48,ok
www.reuters.com,19-10-2011,00:25:49,ok
www.rfi.fr,19-10-2011,00:25:49,ok
www.rightmediaptc.com,19-10-2011,00:25:50,ok
www.rikunabi.com,19-10-2011,00:25:51,ok
www.rising.cn,19-10-2011,00:25:54,ok
www.rising.com.cn,19-10-2011,00:25:57,ok
www.rizon.net,19-10-2011,00:25:57,ok
www.robotstxt.org,19-10-2011,00:25:58,ok
www.rootspirit.com,19-10-2011,00:25:58,ok
www.rootspirit.info,19-10-2011,00:25:59,ok
www.rosettacode.org,19-10-2011,00:26:00,ok
www.rsf-chinese.org,19-10-2011,00:26:01,ok
www.rs-online.com,19-10-2011,00:26:00,ok
www.rt.com,19-10-2011,00:26:02,ok
www.rubias19.com,19-10-2011,00:26:02,ok
www.ruiidc.com,19-10-2011,00:26:04,ok
www.rutube.ru,19-10-2011,00:26:04,ok
www.sagawa-exp.co.jp,19-10-2011,00:26:07,ok
www.saic.gov.cn,19-10-2011,00:26:13,ok
www.saisoncard.co.jp,19-10-2011,00:26:15,ok
www.sandai.net,19-10-2011,00:26:21,ok
www.sanspo.com,19-10-2011,00:26:25,ok
www.savings.com,19-10-2011,00:26:26,ok
www.sbisec.co.jp,19-10-2011,00:26:30,ok
www.scbeasy.com,19-10-2011,00:26:31,ok
www.scribd.com,19-10-2011,00:26:32,ok
www.secureserver.net,19-10-2011,00:26:35,ok
www.secure-softwaremanager.com,19-10-2011,00:26:34,ok
www.seedit.com,19-10-2011,00:26:37,ok
www.seesmic.com,19-10-2011,00:26:38,ok
www.segundamano.com.mx,19-10-2011,00:26:39,ok
www.segye.com,19-10-2011,00:26:44,ok
www.seoul.co.kr,19-10-2011,00:26:48,ok
www.sep.gob.mx,19-10-2011,00:26:50,ok
www.serverfault.com,19-10-2011,00:26:51,ok
www.sevenload.com,19-10-2011,00:26:52,ok
www.sex141.com,19-10-2011,00:26:53,ok
www.sexandsubmission.com,19-10-2011,00:26:54,ok
www.sexbot.com,19-10-2011,00:26:54,ok
www.sexpixbox.com,19-10-2011,00:26:56,ok
www.sharp.co.jp,19-10-2011,00:26:57,ok
www.shejis.com,19-10-2011,00:27:07,ok
www.shendu.cc,19-10-2011,00:27:09,ok
www.shockwave.com,19-10-2011,00:27:10,ok
www.shopch.jp,19-10-2011,00:27:13,ok
www.shoptime.com.br,19-10-2011,00:27:13,ok
www.showtime.jp,19-10-2011,00:27:16,ok
www.shufoo.net,19-10-2011,00:27:18,ok
www.sinaapp.com,19-10-2011,00:27:24,ok
www.sina.com.cn,19-10-2011,00:27:19,ok
www.singaporepools.com.sg,19-10-2011,00:27:26,ok
www.singtaonet.com,19-10-2011,00:27:30,ok
www.sistrix.com,19-10-2011,00:27:30,ok
www.skyhookwireless.com,19-10-2011,00:27:32,ok
www.skype.com,19-10-2011,00:27:32,ok
www.slashdot.org,19-10-2011,00:27:33,ok
www.slideshare.com,19-10-2011,00:27:34,ok
www.smbc-card.com,19-10-2011,00:27:36,ok
www.smbc.co.jp,19-10-2011,00:27:38,ok
www.smf.is,19-10-2011,00:27:38,nok
www.smgbb.cn,19-10-2011,00:27:42,ok
www.snipt.net,19-10-2011,00:27:42,ok
www.sod.co.jp,19-10-2011,00:27:45,ok
www.softonic.it,19-10-2011,00:27:46,ok
www.softwaregeek.com,19-10-2011,00:27:47,ok
www.songkick.com,19-10-2011,00:27:48,ok
www.soundclick.com,19-10-2011,00:27:48,ok
www.soup.io,19-10-2011,00:27:49,ok
www.sourceforge.net,19-10-2011,00:27:50,ok
www.southparkstudios.com,19-10-2011,00:27:50,ok
www.spdb.com.cn,19-10-2011,00:27:56,ok
www.sp.gov.br,19-10-2011,00:27:55,ok
www.sphere.ws,19-10-2011,00:27:56,ok
www.spiegel.de,19-10-2011,00:27:57,ok
www.spike.com,19-10-2011,00:27:57,ok
www.sponichi.co.jp,19-10-2011,00:28:00,ok
www.sport-fm.gr,19-10-2011,00:28:00,ok
www.square-enix.co.jp,19-10-2011,00:28:01,ok
www.stackoverflow.com,19-10-2011,00:28:02,ok
www.standaard.be,19-10-2011,00:28:02,ok
www.stargames.at,19-10-2011,00:28:03,ok
www.startssl.com,19-10-2011,00:28:04,ok
www.state.nj.us,19-10-2011,00:28:05,ok
www.state.ny.us,19-10-2011,00:28:06,ok
www.state.tx.us,19-10-2011,00:28:09,ok
www.stern.de,19-10-2011,00:28:10,ok
www.stickam.com,19-10-2011,00:28:11,ok
www.stileproject.com,19-10-2011,00:28:12,ok
www.stockhouse.com,19-10-2011,00:28:16,ok
www.sto-express.com.cn,19-10-2011,00:28:15,ok
www.storify.com,19-10-2011,00:28:17,ok
www.stubru.be,19-10-2011,00:28:17,ok
www.stumbleupon.com,19-10-2011,00:28:18,ok
www.submityourflicks.com,19-10-2011,00:28:19,ok
www.submityourtapes.com,19-10-2011,00:28:20,ok
www.summify.com,19-10-2011,00:28:20,ok
www.suntory.co.jp,19-10-2011,00:28:22,ok
www.superuser.com,19-10-2011,00:28:23,ok
www.sweetnote.com,19-10-2011,00:28:25,ok
www.syd.com.cn,19-10-2011,00:28:29,ok
www.sytes.net,19-10-2011,00:28:30,ok
www.t35.com,19-10-2011,00:28:31,ok
www.tagged.com,19-10-2011,00:28:33,ok
www.taiwanlottery.com.tw,19-10-2011,00:28:35,ok
www.talktalk.co.uk,19-10-2011,00:28:35,ok
www.tanea.gr,19-10-2011,00:28:36,ok
www.taobao.com,19-10-2011,00:28:41,ok
www.tbs.co.jp,19-10-2011,00:28:43,ok
www.t.co,19-10-2011,00:28:30,ok
www.teambuy.com.cn,19-10-2011,00:28:48,ok
www.teamku.com,19-10-2011,00:28:49,ok
www.techcrunch.com,19-10-2011,00:28:51,ok
www.technorati.com,19-10-2011,00:28:53,ok
www.techonthenet.com,19-10-2011,00:28:54,ok
www.ted.com,19-10-2011,00:28:55,ok
www.teenburg.com,19-10-2011,00:28:56,ok
www.teenie-pics.com,19-10-2011,00:28:57,ok
www.teennick.com,19-10-2011,00:28:57,ok
www.tek-tips.com,19-10-2011,00:28:58,ok
www.tempalias.com,19-10-2011,00:28:58,ok
www.thedailyshow.com,19-10-2011,00:28:59,ok
www.thenextweb.com,19-10-2011,00:28:59,ok
www.theoatmeal.com,19-10-2011,00:29:01,ok
www.theonion.com,19-10-2011,00:29:01,ok
www.thepiratebay.org,19-10-2011,00:29:01,ok
www.thesartorialist.blogspot.com,19-10-2011,00:29:01,ok
www.thesixtyone.com,19-10-2011,00:29:02,ok
www.thisav.com,19-10-2011,00:29:03,ok
www.thisis50.com,19-10-2011,00:29:05,ok
www.tibet.com,19-10-2011,00:29:08,ok
www.tibet.net,19-10-2011,00:29:10,ok
www.tibet.org,19-10-2011,00:29:11,ok
www.tiete.be,19-10-2011,00:29:11,ok
www.tiete.eu,19-10-2011,00:29:11,ok
www.tiete.org,19-10-2011,00:29:11,ok
www.tijd.be,19-10-2011,00:29:11,ok
www.timsah.com,19-10-2011,00:29:12,ok
www.tinychat.com,19-10-2011,00:29:13,ok
www.tipete.com,19-10-2011,00:29:16,ok
www.tmi.me,19-10-2011,00:29:16,ok
www.tnaflix.com,19-10-2011,00:29:16,ok
www.tns-global.com,19-10-2011,00:29:16,ok
www.tocka.com.mk,19-10-2011,00:29:18,ok
www.togetter.com,19-10-2011,00:29:20,ok
www.toluna.com,19-10-2011,00:29:21,ok
www.topsy.com,19-10-2011,00:29:21,ok
www.toranoana.jp,19-10-2011,00:29:23,ok
www.torrentfreak.com,19-10-2011,00:29:24,ok
www.torrentz.eu,19-10-2011,00:29:25,ok
www.toshiba.co.jp,19-10-2011,00:29:25,ok
www.tosp.co.jp,19-10-2011,00:29:28,ok
www.totallycoolpix.com,19-10-2011,00:29:29,ok
www.tovima.gr,19-10-2011,00:29:29,ok
www.tradus.in,19-10-2011,00:29:30,ok
www.trafficgate.net,19-10-2011,00:29:33,ok
www.treinreiziger.nl,19-10-2011,00:29:33,ok
www.trekearth.com,19-10-2011,00:29:34,ok
www.tro-ma-ktiko.blogspot.com,19-10-2011,00:29:35,ok
www.truveo.com,19-10-2011,00:29:36,ok
www.truvo.be,19-10-2011,00:29:36,ok
www.tsutaya.co.jp,19-10-2011,00:29:39,ok
www.ttdk2.com,19-10-2011,00:29:53,nok
www.tuaw.com,19-10-2011,00:29:53,ok
www.tube8.com,19-10-2011,00:29:54,ok
www.tubefire.com,19-10-2011,00:29:55,ok
www.tuinslak.be,19-10-2011,00:29:55,ok
www.tuinslak.eu,19-10-2011,00:29:56,ok
www.tuinslak.org,19-10-2011,00:29:56,ok
www.tumblr.com,19-10-2011,00:29:57,ok
www.tunisia-sat.com,19-10-2011,00:29:58,ok
www.tunnelbroker.net,19-10-2011,00:29:59,ok
www.tuttosport.com,19-10-2011,00:29:59,ok
www.tv-asahi.co.jp,19-10-2011,00:30:02,ok
www.tvboxnow.com,19-10-2011,00:30:07,ok
www.tv.com,19-10-2011,00:30:05,ok
www.tv-tokyo.co.jp,19-10-2011,00:30:04,ok
www.tweakers.net,19-10-2011,00:30:07,ok
www.tweetdeck.com,19-10-2011,00:30:07,ok
www.tweetmeme.com,19-10-2011,00:30:08,ok
www.tweetvite.com,19-10-2011,00:30:10,ok
www.twilog.org,19-10-2011,00:30:12,ok
www.twitlonger.com,19-10-2011,00:30:13,ok
www.twitoaster.com,19-10-2011,00:30:13,ok
www.twitpic.com,19-10-2011,00:30:14,ok
www.twitter.com,19-10-2011,00:30:15,ok
www.twittercounter.com,19-10-2011,00:30:16,ok
www.twitterfeed.com,19-10-2011,00:30:17,ok
www.twittergrader.com,19-10-2011,00:30:18,ok
www.twitvid.com,19-10-2011,00:30:19,ok
www.tyneso.com,19-10-2011,00:30:19,ok
www.typepad.com,19-10-2011,00:30:20,ok
www.uba.ar,19-10-2011,00:30:23,ok
www.ubuntu.com,19-10-2011,00:30:23,ok
www.ucm.es,19-10-2011,00:30:24,ok
www.udn.com,19-10-2011,00:30:25,ok
www.uk.to,19-10-2011,00:30:25,ok
www.unal.edu.co,19-10-2011,00:30:27,ok
www.uned.es,19-10-2011,00:30:28,ok
www.uni.cc,19-10-2011,00:30:28,nok
www.unicreditbanca.it,19-10-2011,00:30:28,ok
www.unionli.com,19-10-2011,00:30:30,ok
www.unix.com,19-10-2011,00:30:31,ok
www.unixguide.net,19-10-2011,00:30:32,ok
www.un.org,19-10-2011,00:30:26,ok
www.uoc.edu,19-10-2011,00:30:32,ok
www.upenn.edu,19-10-2011,00:30:33,ok
www.uploadshare.org,19-10-2011,00:30:33,ok
www.upublish.info,19-10-2011,00:30:34,ok
www.userbase.be,19-10-2011,00:30:34,ok
www.ustream.tv,19-10-2011,00:30:35,ok
www.u-tokyo.ac.jp,19-10-2011,00:30:22,ok
www.utoronto.ca,19-10-2011,00:30:36,ok
www.uueasy.com,19-10-2011,00:30:59,nok
www.value-domain.com,19-10-2011,00:31:01,ok
www.vandaag.be,19-10-2011,00:31:01,ok
www.vcricket.com,19-10-2011,00:31:02,ok
www.vdolady.com,19-10-2011,00:31:06,ok
www.vector.co.jp,19-10-2011,00:31:08,ok
www.veoh.com,19-10-2011,00:31:09,ok
www.vh1.com,19-10-2011,00:31:10,ok
www.videobb.com,19-10-2011,00:31:11,ok
www.videobox.com,19-10-2011,00:31:12,ok
www.videopress.com,19-10-2011,00:31:13,ok
www.viki.com,19-10-2011,00:31:15,ok
www.vimeo.com,19-10-2011,00:31:16,ok
www.vivo.com.br,19-10-2011,00:31:18,ok
www.vlc.org,19-10-2011,00:31:20,ok
www.vmoptions.com,19-10-2011,00:31:21,ok
www.voila.fr,19-10-2011,00:31:22,ok
www.vol777.com,19-10-2011,00:31:23,ok
www.voyage-prive.com,19-10-2011,00:31:23,ok
www.vozforums.com,19-10-2011,00:31:27,ok
www.vsa.com.cn,19-10-2011,00:31:29,ok
www.vsnl.net.in,19-10-2011,00:31:31,ok
www.wahas.com,19-10-2011,00:31:31,ok
www.walkernews.net,19-10-2011,00:31:33,ok
www.wanktube.com,19-10-2011,00:31:33,ok
www.washingtonpost.com,19-10-2011,00:31:34,ok
www.watanabepro.co.jp,19-10-2011,00:31:36,ok
www.watchmygf.net,19-10-2011,00:31:37,ok
www.wearehairy.com,19-10-2011,00:31:38,ok
www.webcams.com,19-10-2011,00:31:41,ok
www.web-directories.ws,19-10-2011,00:31:39,ok
www.webgame188.com,19-10-2011,00:31:45,ok
www.webhostingtalk.com,19-10-2011,00:31:46,ok
www.webhostingtalk.nl,19-10-2011,00:31:47,ok
www.webinknow.com,19-10-2011,00:31:49,ok
www.weble.org,19-10-2011,00:31:52,ok
www.webshots.com,19-10-2011,00:31:53,ok
www.websitegrader.com,19-10-2011,00:31:53,ok
www.websitetestlink.com,19-10-2011,00:31:54,ok
www.wenxuecity.com,19-10-2011,00:31:55,ok
www.wer-weiss-was.de,19-10-2011,00:31:55,ok
www.whatreallyhappened.com,19-10-2011,00:31:56,ok
www.which.co.uk,19-10-2011,00:31:57,ok
www.whitehouse.gov,19-10-2011,00:31:57,ok
www.wikileaks.ch,19-10-2011,00:31:57,ok
www.wikimapia.org,19-10-2011,00:31:58,ok
www.wikipedia.com,19-10-2011,00:31:59,ok
www.wikipedia.org,19-10-2011,00:31:59,ok
www.wikiwiki.jp,19-10-2011,00:32:00,ok
www.willhaben.at,19-10-2011,00:32:00,ok
www.wisevid.com,19-10-2011,00:32:01,ok
www.wizaz.pl,19-10-2011,00:32:01,ok
www.wn.com,19-10-2011,00:32:02,ok
www.woopie.jp,19-10-2011,00:32:03,ok
www.wordpress.com,19-10-2011,00:32:04,ok
www.wordpress.org,19-10-2011,00:32:06,ok
www.wow-europe.com,19-10-2011,00:32:06,ok
www.wpmudev.org,19-10-2011,00:32:08,ok
www.wretch.cc,19-10-2011,00:32:10,ok
www.writetoreply.org,19-10-2011,00:32:11,ok
www.wroclaw.pl,19-10-2011,00:32:12,ok
www.wrzuta.pl,19-10-2011,00:32:12,ok
www.wsj.com,19-10-2011,00:32:13,ok
www.wyunion.com,19-10-2011,00:32:15,ok
www.xdowns.com,19-10-2011,00:32:18,ok
www.xhamster.com,19-10-2011,00:32:18,ok
www.xiazaiba.com,19-10-2011,00:32:22,ok
www.xjtu.edu.cn,19-10-2011,00:32:24,ok
www.xl.pt,19-10-2011,00:32:24,ok
www.xmatch.com,19-10-2011,00:32:26,ok
www.xnxx.com,19-10-2011,00:32:27,ok
www.xrea.jp,19-10-2011,00:32:28,ok
www.xtlbb.com,19-10-2011,00:32:31,ok
www.xtremetop100.com,19-10-2011,00:32:32,ok
www.xvideos.com,19-10-2011,00:32:33,ok
www.xvideoslive.com,19-10-2011,00:32:35,ok
www.yad2.co.il,19-10-2011,00:32:36,ok
www.yahoo.co.jp,19-10-2011,00:32:39,ok
www.yahoo.com,19-10-2011,00:32:40,ok
www.yallakora.com,19-10-2011,00:32:41,ok
www.yandex.ru,19-10-2011,00:32:41,nok
www.ya.ru,19-10-2011,00:32:35,nok
www.yelp.com,19-10-2011,00:32:42,ok
www.yeri.be,19-10-2011,00:32:43,ok
www.yeritiete.be,19-10-2011,00:32:43,ok
www.yfrog.com,19-10-2011,00:32:44,ok
www.yidio.com,19-10-2011,00:32:45,ok
www.yieldmanager.com,19-10-2011,00:32:46,ok
www.yiqifa.com,19-10-2011,00:32:49,ok
www.yiqiwin.com,19-10-2011,00:32:52,ok
www.yomiuri.co.jp,19-10-2011,00:32:54,ok
www.youboy.com,19-10-2011,00:32:56,ok
www.youporn.com,19-10-2011,00:32:57,ok
www.youporngay.com,19-10-2011,00:32:58,ok
www.yourrewardinside.com,19-10-2011,00:32:59,ok
www.youtu.be,19-10-2011,00:32:59,ok
www.youtube.com,19-10-2011,00:33:00,ok
www.yuvutu.com,19-10-2011,00:33:00,ok
www.yx007.com,19-10-2011,00:33:03,ok
www.za.net,19-10-2011,00:33:03,ok
www.zaobao.com,19-10-2011,00:33:06,ok
www.zhongsou.net,19-10-2011,00:33:11,ok
www.zorpia.com,19-10-2011,00:33:11,ok
www.zp.ua,19-10-2011,00:33:12,ok
www.zto.cn,19-10-2011,00:33:14,ok
yeri.tiete.be,19-10-2011,00:33:14,ok
zero.rootspirit.com,19-10-2011,00:33:14,nok
