api.irail.be,22-04-2011,01:20:11,ok
api.twitter.com,22-04-2011,01:20:12,ok
blog.irail.be,22-04-2011,01:20:12,ok
blog.tuinslak.org,22-04-2011,01:20:13,ok
blog.twitter.com,22-04-2011,01:20:13,ok
blog.zztopping.com,22-04-2011,01:20:14,ok
bmiwiki.cchmc.org,22-04-2011,01:20:17,ok
boards.4chan.org,22-04-2011,01:20:18,ok
boxun.shuoyi.com,22-04-2011,01:20:30,ok
code.google.com,22-04-2011,01:20:30,ok
de.wikipedia.org,22-04-2011,01:20:31,ok
en.rsf.org,22-04-2011,01:20:31,ok
en.wikipedia.org,22-04-2011,01:20:35,ok
english.aljazeera.net,22-04-2011,01:20:36,ok
four.rootspirit.com,22-04-2011,01:20:36,ok
fr.rsf.org,22-04-2011,01:20:36,ok
fr.wikipedia.org,22-04-2011,01:20:37,ok
listen.grooveshark.com,22-04-2011,01:20:40,ok
lists.rootspirit.com,22-04-2011,01:20:40,ok
mail.google.com,22-04-2011,01:20:40,ok
maps.google.com,22-04-2011,01:20:40,ok
nerdnotes.org,22-04-2011,01:20:42,ok
news.google.com,22-04-2011,01:20:42,ok
nl.wikipedia.org,22-04-2011,01:20:44,ok
one.rootspirit.com,22-04-2011,01:20:44,ok
online.wsj.com,22-04-2011,01:20:45,ok
picasaweb.google.com,22-04-2011,01:20:46,ok
project.irail.be,22-04-2011,01:20:46,ok
prowl.weks.net,22-04-2011,01:20:47,ok
safebrowsing-cache.google.com,22-04-2011,01:20:47,ok
search.twitter.com,22-04-2011,01:20:47,ok
sites.google.com,22-04-2011,01:20:48,ok
social.implu.com,22-04-2011,01:20:49,ok
static.0x04.com,22-04-2011,01:20:50,ok
store.apple.com,22-04-2011,01:20:51,ok
sunsite.ualberta.ca,22-04-2011,01:20:51,ok
tech.karbassi.com,22-04-2011,01:20:52,ok
tipstricks.itmatrix.eu,22-04-2011,01:20:53,ok
tw.yahoo.com,22-04-2011,01:20:56,ok
uk.reuters.com,22-04-2011,01:20:57,ok
vm1.rootspirit.com,22-04-2011,01:20:57,ok
vpn.miiatech.com,22-04-2011,01:20:57,ok
webcache.googleusercontent.com,22-04-2011,01:20:57,ok
wiki.answers.com,22-04-2011,01:20:58,ok
wikileaks.0x04.com,22-04-2011,01:20:58,ok
www.007swz.com,22-04-2011,01:21:02,ok
www.0101.co.jp,22-04-2011,01:21:05,ok
www.0x04.com,22-04-2011,01:21:05,ok
www.0x20.be,22-04-2011,01:21:06,ok
www.1000.tv,22-04-2011,01:21:08,ok
www.104.com.tw,22-04-2011,01:21:11,ok
www.10musume.com,22-04-2011,01:21:12,ok
www.10neen.com,22-04-2011,01:21:13,ok
www.12306.cn,22-04-2011,01:21:17,ok
www.123rf.com,22-04-2011,01:21:19,ok
www.126.net,22-04-2011,01:21:26,ok
www.163.com,22-04-2011,01:21:33,ok
www.17iw.com,22-04-2011,01:21:35,ok
www.198game.net,22-04-2011,01:21:37,ok
www.1hai.cn,22-04-2011,01:21:40,ok
www.1pondo.tv,22-04-2011,01:21:41,ok
www.27xz.com,22-04-2011,01:21:47,ok
www.2a.com,22-04-2011,01:21:49,ok
www.2chan.net,22-04-2011,01:21:50,ok
www.2shared.com,22-04-2011,01:21:51,ok
www.2vlady.com,22-04-2011,01:21:55,ok
www.3322.org,22-04-2011,01:21:58,ok
www.4chan.org,22-04-2011,01:21:58,ok
www.4gamer.net,22-04-2011,01:22:01,ok
www.4shared.com,22-04-2011,01:22:02,ok
www.519tl.com,22-04-2011,01:22:04,ok
www.51e78.com,22-04-2011,01:22:08,ok
www.51yes.com,22-04-2011,01:22:10,ok
www.5ilthy.com,22-04-2011,01:22:11,ok
www.6park.com,22-04-2011,01:22:12,ok
www.777rmb.com,22-04-2011,01:22:14,ok
www.7netshopping.jp,22-04-2011,01:22:15,ok
www.888.com,22-04-2011,01:22:16,ok
www.888promos.com,22-04-2011,01:22:16,ok
www.8teenxxx.com,22-04-2011,01:22:17,ok
www.9189.com,22-04-2011,01:22:19,ok
www.95559.com.cn,22-04-2011,01:22:21,ok
www.9lwan.com,22-04-2011,01:22:26,ok
www.a963.com,22-04-2011,01:22:30,ok
www.abc.com.py,22-04-2011,01:22:33,ok
www.abchina.com,22-04-2011,01:22:40,ok
www.about.com,22-04-2011,01:22:41,ok
www.aboutus.org,22-04-2011,01:22:42,ok
www.accountonline.com,22-04-2011,01:22:43,ok
www.addictinggames.com,22-04-2011,01:22:44,ok
www.adium.im,22-04-2011,01:22:45,ok
www.admin.ch,22-04-2011,01:22:45,ok
www.adobe.com,22-04-2011,01:22:45,ok
www.adsense.blogspot.com,22-04-2011,01:22:46,ok
www.adtechus.com,22-04-2011,01:22:47,ok
www.adultfriendfinder.com,22-04-2011,01:22:48,ok
www.adultgeek.net,22-04-2011,01:22:50,ok
www.adwords.blogspot.com,22-04-2011,01:22:51,ok
www.aemet.es,22-04-2011,01:22:52,ok
www.af.mil,22-04-2011,01:22:52,ok
www.affiliatefuture.co.uk,22-04-2011,01:22:52,ok
www.alabout.com,22-04-2011,01:22:54,ok
www.alivetorrents.com,22-04-2011,01:22:54,ok
www.aljazeera.net,22-04-2011,01:22:54,ok
www.alpha.gr,22-04-2011,01:22:55,ok
www.amakings.com,22-04-2011,01:22:56,ok
www.amateurboobtube.com,22-04-2011,01:22:56,ok
www.amateursexy.net,22-04-2011,01:22:58,ok
www.amazon.co.uk,22-04-2011,01:22:59,ok
www.amazon.com,22-04-2011,01:23:00,ok
www.amazon.de,22-04-2011,01:23:01,ok
www.amazon.fr,22-04-2011,01:23:01,ok
www.amazonaws.com,22-04-2011,01:23:02,ok
www.ameblo.jp,22-04-2011,01:23:06,ok
www.americantowns.com,22-04-2011,01:23:06,ok
www.amiami.jp,22-04-2011,01:23:11,ok
www.amnesty.org,22-04-2011,01:23:11,ok
www.animecrazy.net,22-04-2011,01:23:11,ok
www.answerbox.net,22-04-2011,01:23:14,ok
www.answers.com,22-04-2011,01:23:15,ok
www.ant.com,22-04-2011,01:23:15,ok
www.aol.com,22-04-2011,01:23:16,ok
www.aolcdn.com,22-04-2011,01:23:17,ok
www.aolnews.com,22-04-2011,01:23:17,ok
www.apetube.com,22-04-2011,01:23:18,ok
www.apinpai.com,22-04-2011,01:23:21,ok
www.appbrain.com,22-04-2011,01:23:21,ok
www.apple.com,22-04-2011,01:23:21,ok
www.appspot.com,22-04-2011,01:23:22,ok
www.archive.org,22-04-2011,01:23:23,ok
www.arena.ne.jp,22-04-2011,01:23:25,ok
www.army.mil,22-04-2011,01:23:27,ok
www.articleblast.com,22-04-2011,01:23:28,ok
www.asahi.com,22-04-2011,01:23:31,ok
www.ask.com,22-04-2011,01:23:32,ok
www.atpages.jp,22-04-2011,01:23:36,ok
www.atwiki.jp,22-04-2011,01:23:39,ok
www.autotrader.com,22-04-2011,01:23:40,ok
www.avaaz.org,22-04-2011,01:23:41,ok
www.avg.com,22-04-2011,01:23:41,ok
www.avito.ru,22-04-2011,01:23:41,ok
www.axfc.net,22-04-2011,01:23:42,ok
www.aziani.com,22-04-2011,01:23:44,ok
www.ba.gov.br,22-04-2011,01:23:46,ok
www.babypink.to,22-04-2011,01:23:47,ok
www.badjojo.com,22-04-2011,01:23:48,ok
www.badongo.com,22-04-2011,01:23:50,ok
www.baidu.com,22-04-2011,01:23:54,ok
www.baidu.jp,22-04-2011,01:23:56,ok
www.bancochile.cl,22-04-2011,01:23:58,ok
www.bancoestado.cl,22-04-2011,01:24:00,ok
www.bancomer.com.mx,22-04-2011,01:24:02,ok
www.bancomercantil.com,22-04-2011,01:24:02,ok
www.banesco.com,22-04-2011,01:24:04,ok
www.bangbros.com,22-04-2011,01:24:05,ok
www.bangbros1.com,22-04-2011,01:24:05,ok
www.bankcomm.com,22-04-2011,01:24:06,ok
www.bankmandiri.co.id,22-04-2011,01:24:11,ok
www.bankpasargad.com,22-04-2011,01:24:18,ok
www.banquepopulaire.fr,22-04-2011,01:24:19,ok
www.bbc.co.uk,22-04-2011,01:24:19,ok
www.beanfun.com,22-04-2011,01:24:21,ok
www.bebo.com,22-04-2011,01:24:21,ok
www.belgiumpoker.net,22-04-2011,01:24:22,ok
www.beslist.nl,22-04-2011,01:24:23,ok
www.bet365.com,22-04-2011,01:24:23,ok
www.betfair.com,22-04-2011,01:24:23,ok
www.bigtits.com,22-04-2011,01:24:24,ok
www.bild.de,22-04-2011,01:24:25,ok
www.bing.com,22-04-2011,01:24:25,ok
www.bit.ly,22-04-2011,01:24:26,ok
www.bittorrentfiles.org,22-04-2011,01:25:27,ok
www.blackhatworld.com,22-04-2011,01:25:29,ok
www.blinkogold.ru,22-04-2011,01:25:29,ok
www.blinkx.com,22-04-2011,01:25:32,ok
www.blip.tv,22-04-2011,01:25:32,ok
www.blog.de,22-04-2011,01:25:33,ok
www.blogcatalog.com,22-04-2011,01:25:42,ok
www.blogcdn.com,22-04-2011,01:25:43,ok
www.blogdelnarco.com,22-04-2011,01:25:43,ok
www.blogger.com,22-04-2011,01:25:43,ok
www.bloggerei.de,22-04-2011,01:25:45,ok
www.blogimg.jp,22-04-2011,01:25:46,ok
www.bloglines.com,22-04-2011,01:25:47,ok
www.bloglovin.com,22-04-2011,01:25:48,ok
www.blogspirit.com,22-04-2011,01:25:48,ok
www.blogspot.com,22-04-2011,01:25:48,ok
www.bloguez.com,22-04-2011,01:25:49,ok
www.bloomberg.com,22-04-2011,01:25:49,ok
www.bmi.ir,22-04-2011,01:25:52,ok
www.boardofinnovation.com,22-04-2011,01:25:53,ok
www.boardreader.com,22-04-2011,01:25:54,ok
www.boc.cn,22-04-2011,01:25:58,ok
www.bochk.com,22-04-2011,01:25:59,ok
www.bodog.com,22-04-2011,01:26:00,ok
www.bohelady.com,22-04-2011,01:26:05,ok
www.bokecc.com,22-04-2011,01:26:08,ok
www.bom.gov.au,22-04-2011,01:26:12,ok
www.bookryanair.com,22-04-2011,01:26:12,ok
www.books.com.tw,22-04-2011,01:26:18,ok
www.borders.com,22-04-2011,01:26:18,ok
www.bplaced.net,22-04-2011,01:26:20,ok
www.bravenet.com,22-04-2011,01:26:21,ok
www.break.com,22-04-2011,01:26:22,ok
www.brightkite.com,22-04-2011,01:26:24,ok
www.bukisa.com,22-04-2011,01:26:24,ok
www.bulbagarden.net,22-04-2011,01:26:25,ok
www.burnews.com,22-04-2011,01:26:26,ok
www.businessmodelinnovatie.be,22-04-2011,01:26:31,ok
www.cacaoweb.org,22-04-2011,01:26:32,ok
www.cafepress.com,22-04-2011,01:26:33,ok
www.calciomercato.com,22-04-2011,01:26:34,ok
www.cam.ac.uk,22-04-2011,01:26:34,ok
www.cam4.com,22-04-2011,01:26:35,ok
www.camfrog.com,22-04-2011,01:26:35,ok
www.cams.com,22-04-2011,01:26:38,ok
www.canvas.be,22-04-2011,01:26:38,ok
www.capital.gr,22-04-2011,01:26:38,ok
www.cari.com.my,22-04-2011,01:26:42,ok
www.caribbeancom.com,22-04-2011,01:26:43,ok
www.carros.com.br,22-04-2011,01:26:45,ok
www.carsales.com.au,22-04-2011,01:26:46,ok
www.carwale.com,22-04-2011,01:26:47,ok
www.casadellibro.com,22-04-2011,01:26:48,ok
www.casino.com,22-04-2011,01:27:09,ok
www.casinocity.com,22-04-2011,01:27:10,ok
www.castorama.fr,22-04-2011,01:27:10,ok
www.ccb.com,22-04-2011,01:27:11,ok
www.ccb.com.cn,22-04-2011,01:27:13,ok
www.cebbank.com,22-04-2011,01:27:16,ok
www.cecile.co.jp,22-04-2011,01:27:18,ok
www.census.gov,22-04-2011,01:27:18,ok
www.centrum.cz,22-04-2011,01:27:19,ok
www.cheggit.nl,22-04-2011,01:27:23,ok
www.chevrolet.com.cn,22-04-2011,01:27:28,ok
www.chilehardware.cl,22-04-2011,01:27:29,ok
www.china.org.cn,22-04-2011,01:27:30,ok
www.chinamobile.com,22-04-2011,01:27:33,ok
www.chinapay.com,22-04-2011,01:27:35,ok
www.chinarank.org.cn,22-04-2011,01:27:41,ok
www.chinatimes.com,22-04-2011,01:27:43,ok
www.chizumaru.com,22-04-2011,01:27:46,ok
www.chrispederick.com,22-04-2011,01:27:47,ok
www.chromium.org,22-04-2011,01:27:48,ok
www.chunichi.co.jp,22-04-2011,01:27:51,ok
www.cib.com.cn,22-04-2011,01:27:55,ok
www.cisco.com,22-04-2011,01:27:55,ok
www.citrix.com,22-04-2011,01:27:57,ok
www.ck101.com,22-04-2011,01:27:59,ok
www.cl.ly,22-04-2011,01:27:59,ok
www.classmates.com,22-04-2011,01:28:02,ok
www.clientsfromhell.net,22-04-2011,01:28:03,ok
www.clipfish.de,22-04-2011,01:28:03,ok
www.cliphunter.com,22-04-2011,01:28:04,ok
www.clubedohardware.com.br,22-04-2011,01:28:09,ok
www.cmbc.com.cn,22-04-2011,01:28:13,ok
www.cmbchina.com,22-04-2011,01:28:16,ok
www.cnet.com,22-04-2011,01:28:24,ok
www.cnn.com,22-04-2011,01:28:25,ok
www.cnsuning.com,22-04-2011,01:28:29,ok
www.cnzz.cn,22-04-2011,01:28:31,ok
www.coches.net,22-04-2011,01:28:32,ok
www.cocolog-nifty.com,22-04-2011,01:28:34,ok
www.colbertnation.com,22-04-2011,01:28:37,ok
www.collegeconfidential.com,22-04-2011,01:28:38,ok
www.collegehumor.com,22-04-2011,01:28:40,ok
www.com.kz,22-04-2011,01:28:42,ok
www.comedycentral.com,22-04-2011,01:28:43,ok
www.companieshouse.gov.uk,22-04-2011,01:28:45,ok
www.cool.ne.jp,22-04-2011,01:28:47,ok
www.corporate-ir.net,22-04-2011,01:28:48,ok
www.cotweet.com,22-04-2011,01:28:49,ok
www.couponcabin.com,22-04-2011,01:28:50,ok
www.craigslist.org,22-04-2011,01:28:52,ok
www.creaders.net,22-04-2011,01:28:55,ok
www.criteo.com,22-04-2011,01:28:56,ok
www.crunchbanglinux.org,22-04-2011,01:28:58,ok
www.crutchfield.com,22-04-2011,01:28:59,ok
www.cs.com.cn,22-04-2011,01:29:04,ok
www.csnstores.com,22-04-2011,01:29:08,ok
www.ct10000.com,22-04-2011,01:29:11,ok
www.cz.cc,22-04-2011,01:29:12,ok
www.dagospia.com,22-04-2011,01:29:12,ok
www.dailymail.co.uk,22-04-2011,01:29:13,ok
www.dailymotion.com,22-04-2011,01:29:13,ok
www.daisycon.com,22-04-2011,01:29:14,ok
www.dancingbear.com,22-04-2011,01:29:14,ok
www.darkstormguild.com,22-04-2011,01:29:15,ok
www.dba.dk,22-04-2011,01:29:15,ok
www.debian-multimedia.org,22-04-2011,01:29:15,ok
www.debian.org,22-04-2011,01:29:15,ok
www.decoo.jp,22-04-2011,01:29:18,ok
www.delicious.com,22-04-2011,01:29:19,ok
www.democracy.com,22-04-2011,01:29:22,ok
www.designerterminal.com,22-04-2011,01:29:23,ok
www.deviantart.com,22-04-2011,01:29:25,ok
www.dh005.com,22-04-2011,01:29:43,ok
www.dhc.co.jp,22-04-2011,01:29:46,ok
www.dhs.gov,22-04-2011,01:29:46,ok
www.digg.com,22-04-2011,01:29:48,ok
www.diguo180.com,22-04-2011,01:29:55,ok
www.diigo.com,22-04-2011,01:29:56,ok
www.dion.ne.jp,22-04-2011,01:29:57,ok
www.dirty.ru,22-04-2011,01:32:00,ok
www.discuss.com.hk,22-04-2011,01:32:06,ok
www.disqus.com,22-04-2011,01:32:07,ok
www.dlsite.com,22-04-2011,01:32:08,ok
www.dnbnor.no,22-04-2011,01:32:09,ok
www.doityourself.com,22-04-2011,01:32:10,ok
www.donedeal.ie,22-04-2011,01:33:03,ok
www.dospy.com,22-04-2011,01:33:06,ok
www.doujin-games88.blogspot.com,22-04-2011,01:33:06,ok
www.downforeveryoneorjustme.com,22-04-2011,01:33:09,ok
www.download.com,22-04-2011,01:33:11,ok
www.downxia.com,22-04-2011,01:33:16,ok
www.dropbox.com,22-04-2011,01:33:17,ok
www.drtuber.com,22-04-2011,01:33:18,ok
www.dti.ne.jp,22-04-2011,01:33:20,ok
www.dtiblog.com,22-04-2011,01:33:22,ok
www.dtiserv2.com,22-04-2011,01:33:22,ok
www.duga.jp,22-04-2011,01:33:25,ok
www.dumpert.nl,22-04-2011,01:33:25,ok
www.dw-world.de,22-04-2011,01:33:25,ok
www.dxlive.com,22-04-2011,01:33:26,ok
www.dy2018.net,22-04-2011,01:33:28,ok
www.dygod.net,22-04-2011,01:33:33,ok
www.dyndns.com,22-04-2011,01:33:34,ok
www.e-travel.com,22-04-2011,01:33:34,ok
www.e2ma.net,22-04-2011,01:33:36,ok
www.ebay.com,22-04-2011,01:33:38,ok
www.ebookbrowse.com,22-04-2011,01:33:39,ok
www.ed.ac.uk,22-04-2011,01:33:39,ok
www.edublogs.org,22-04-2011,01:33:41,ok
www.een.be,22-04-2011,01:33:41,ok
www.eff.org,22-04-2011,01:33:43,ok
www.egooad.com,22-04-2011,01:33:47,ok
www.elmundodeportivo.es,22-04-2011,01:33:48,ok
www.elog-ch.com,22-04-2011,01:33:49,ok
www.empflix.com,22-04-2011,01:33:49,ok
www.engadget.com,22-04-2011,01:33:49,ok
www.epochtimes.com,22-04-2011,01:33:51,ok
www.europeancasinoassociation.org,22-04-2011,01:33:51,ok
www.eventful.com,22-04-2011,01:33:53,ok
www.evidus.com,22-04-2011,01:33:54,ok
www.exploader.net,22-04-2011,01:33:56,ok
www.extratorrent.com,22-04-2011,01:33:57,ok
www.extremetube.com,22-04-2011,01:33:57,ok
www.eyny.com,22-04-2011,01:33:58,ok
www.facebook.com,22-04-2011,01:34:44,ok
www.fahrinfo-berlin.de,22-04-2011,01:34:45,ok
www.fakku.net,22-04-2011,01:34:46,ok
www.fandango.com,22-04-2011,01:34:47,ok
www.fantong.com,22-04-2011,01:34:50,ok
www.fao.org,22-04-2011,01:34:50,ok
www.fastpic.ru,22-04-2011,01:34:50,ok
www.favotter.net,22-04-2011,01:34:55,ok
www.favstar.fm,22-04-2011,01:34:57,ok
www.fbcdn.net,22-04-2011,01:34:57,ok
www.fbi.gov,22-04-2011,01:34:57,ok
www.fc2.com,22-04-2011,01:34:58,ok
www.fda.gov,22-04-2011,01:34:58,ok
www.fedoraproject.org,22-04-2011,01:35:00,ok
www.feedburner.com,22-04-2011,01:35:01,ok
www.femjoy.com,22-04-2011,01:35:02,ok
www.filesend.to,22-04-2011,01:35:04,ok
www.fileserve.com,22-04-2011,01:35:05,ok
www.filestube.com,22-04-2011,01:35:05,ok
www.filmstarts.de,22-04-2011,01:35:05,ok
www.flagfox.net,22-04-2011,01:35:07,ok
www.flashgames.it,22-04-2011,01:35:07,ok
www.fleshbot.com,22-04-2011,01:35:11,ok
www.flickr.com,22-04-2011,01:35:12,ok
www.flipkart.com,22-04-2011,01:35:13,ok
www.flyaerlingus.com,22-04-2011,01:35:13,ok
www.flycell.com.br,22-04-2011,01:35:15,ok
www.fnismls.com,22-04-2011,01:35:16,ok
www.fooooo.com,22-04-2011,01:35:17,ok
www.fotocasa.es,22-04-2011,01:36:08,ok
www.foursquare.com,22-04-2011,01:36:10,ok
www.foxtab.com,22-04-2011,01:36:10,ok
www.freakshare.com,22-04-2011,01:36:11,ok
www.free.fr,22-04-2011,01:36:11,ok
www.freelotto.com,22-04-2011,01:36:12,ok
www.freepornofreeporn.com,22-04-2011,01:36:13,ok
www.freeridegames.com,22-04-2011,01:36:14,ok
www.freeservers.com,22-04-2011,01:36:15,ok
www.freetibet.org,22-04-2011,01:36:24,ok
www.freewebs.com,22-04-2011,01:36:26,ok
www.friendfeed-media.com,22-04-2011,01:36:29,ok
www.friendfeed.com,22-04-2011,01:36:30,ok
www.friendster.com,22-04-2011,01:36:31,ok
www.fruitmail.net,22-04-2011,01:36:33,ok
www.ftchinese.com,22-04-2011,01:36:34,ok
www.fujitv.co.jp,22-04-2011,01:36:38,ok
www.fulltiltpoker.com,22-04-2011,01:36:39,ok
www.gad.de,22-04-2011,01:36:39,ok
www.galeon.com,22-04-2011,01:36:40,ok
www.gamebase.com.tw,22-04-2011,01:36:43,ok
www.gamer.com.tw,22-04-2011,01:36:47,ok
www.gamerp.jp,22-04-2011,01:36:48,ok
www.gametrailers.com,22-04-2011,01:36:48,ok
www.gameva.net,22-04-2011,01:36:51,ok
www.gather.com,22-04-2011,01:36:53,ok
www.gaytube.com,22-04-2011,01:36:54,ok
www.gazzetta.it,22-04-2011,01:36:54,ok
www.gc.ca,22-04-2011,01:36:55,ok
www.gdb.com.cn,22-04-2011,01:37:02,ok
www.geekonaute.fr,22-04-2011,01:37:03,ok
www.geenstijl.nl,22-04-2011,01:37:03,ok
www.generation-nt.com,22-04-2011,01:37:03,ok
www.gentoo.org,22-04-2011,01:37:04,ok
www.geocities.co.jp,22-04-2011,01:37:07,ok
www.geocities.jp,22-04-2011,01:37:08,ok
www.getiton.com,22-04-2011,01:37:11,ok
www.getminted.com,22-04-2011,01:37:11,ok
www.getuploader.com,22-04-2011,01:37:14,ok
www.gigporno.ru,22-04-2011,01:37:15,ok
www.github.com,22-04-2011,01:37:16,ok
www.gizmodo.com,22-04-2011,01:37:17,ok
www.gizmodo.jp,22-04-2011,01:37:19,ok
www.gmailblog.blogspot.com,22-04-2011,01:37:19,ok
www.gmx.de,22-04-2011,01:37:20,ok
www.gmx.net,22-04-2011,01:37:20,ok
www.gmxattachments.net,22-04-2011,01:37:20,ok
www.gnupg.org,22-04-2011,01:37:20,ok
www.go.com,22-04-2011,01:37:22,ok
www.go2cloud.org,22-04-2011,01:37:22,ok
www.gob.ve,22-04-2011,01:37:26,ok
www.gocsgo.com,22-04-2011,01:37:28,ok
www.godaddy.com,22-04-2011,01:37:29,ok
www.godgame.com.tw,22-04-2011,01:37:31,ok
www.goodreads.com,22-04-2011,01:37:33,ok
www.google.be,22-04-2011,01:37:33,ok
www.google.cn,22-04-2011,01:37:33,ok
www.google.co.in,22-04-2011,01:37:34,ok
www.google.co.jp,22-04-2011,01:37:34,ok
www.google.co.th,22-04-2011,01:37:34,ok
www.google.co.uk,22-04-2011,01:37:34,ok
www.google.com,22-04-2011,01:37:34,ok
www.google.com.au,22-04-2011,01:37:34,ok
www.google.com.hk,22-04-2011,01:37:34,ok
www.google.com.pk,22-04-2011,01:37:34,ok
www.google.com.sg,22-04-2011,01:37:34,ok
www.google.com.tr,22-04-2011,01:37:34,ok
www.google.de,22-04-2011,01:37:35,ok
www.google.fr,22-04-2011,01:37:35,ok
www.google.it,22-04-2011,01:37:35,ok
www.google.nl,22-04-2011,01:37:35,ok
www.googleadservices.com,22-04-2011,01:37:35,ok
www.googleartproject.com,22-04-2011,01:37:36,ok
www.googleblog.blogspot.com,22-04-2011,01:37:36,ok
www.googlesystem.blogspot.com,22-04-2011,01:37:37,ok
www.googlewebmastercentral.blogspot.com,22-04-2011,01:37:38,ok
www.gotgayporn.com,22-04-2011,01:37:39,ok
www.gougou.com,22-04-2011,01:37:40,ok
www.gov.on.ca,22-04-2011,01:37:42,ok
www.gowalla.com,22-04-2011,01:37:43,ok
www.gpoint.co.jp,22-04-2011,01:37:45,ok
www.gpotato.eu,22-04-2011,01:37:46,ok
www.gravatar.com,22-04-2011,01:37:47,ok
www.greatfirewallofchina.org,22-04-2011,01:37:48,ok
www.greedytorrent.com,22-04-2011,01:37:48,ok
www.grindtv.com,22-04-2011,01:37:49,ok
www.grooveshark.com,22-04-2011,01:37:51,ok
www.growl.info,22-04-2011,01:37:52,ok
www.grupobancolombia.com,22-04-2011,01:37:53,ok
www.gruposantander.es,22-04-2011,01:37:53,ok
www.guardian.co.uk,22-04-2011,01:37:54,ok
www.gutteruncensorednewsb.blogspot.com,22-04-2011,01:37:54,ok
www.gva.be,22-04-2011,01:37:54,ok
www.gyyx.cn,22-04-2011,01:37:58,ok
www.hackforums.net,22-04-2011,01:38:01,ok
www.halifax-online.co.uk,22-04-2011,01:38:02,ok
www.hao722.cn,22-04-2011,01:38:08,ok
www.harborfreight.com,22-04-2011,01:38:08,ok
www.hattrick.org,22-04-2011,01:38:09,ok
www.hbs.edu,22-04-2011,01:38:09,ok
www.hbvl.be,22-04-2011,01:38:09,ok
www.hd-torrents.org,22-04-2011,01:38:10,ok
www.hdouga.com,22-04-2011,01:38:12,ok
www.hgtv.com,22-04-2011,01:38:12,ok
www.hi-ho.ne.jp,22-04-2011,01:38:13,ok
www.hi5.com,22-04-2011,01:38:15,ok
www.hidemyass.com,22-04-2011,01:38:16,ok
www.hinet.net,22-04-2011,01:38:18,ok
www.hip2save.com,22-04-2011,01:38:19,ok
www.hkgolden.com,22-04-2011,01:38:24,ok
www.hkjc.com,22-04-2011,01:38:29,ok
www.hkreporter.com,22-04-2011,01:38:33,ok
www.hmrc.gov.uk,22-04-2011,01:38:33,ok
www.home.ne.jp,22-04-2011,01:38:37,ok
www.honda.co.jp,22-04-2011,01:38:38,ok
www.hootsuite.com,22-04-2011,01:38:38,ok
www.hotfile.com,22-04-2011,01:38:39,ok
www.hotfile123.com,22-04-2011,01:38:40,ok
www.hotmail.com,22-04-2011,01:38:41,ok
www.hp.com,22-04-2011,01:38:42,ok
www.huffingtonpost.com,22-04-2011,01:38:43,ok
www.hulu.com,22-04-2011,01:38:43,ok
www.hyves.nl,22-04-2011,01:38:44,ok
www.i-like-movie.com,22-04-2011,01:38:45,ok
www.i-part.com.tw,22-04-2011,01:38:48,ok
www.ibibo.com,22-04-2011,01:38:49,ok
www.ibm.com,22-04-2011,01:38:50,ok
www.icbc.com.cn,22-04-2011,01:38:55,ok
www.icisleri.gov.tr,22-04-2011,01:38:56,ok
www.identi.ca,22-04-2011,01:38:59,ok
www.idlebox.net,22-04-2011,01:39:00,ok
www.ign.com,22-04-2011,01:39:00,ok
www.ilmessaggero.it,22-04-2011,01:39:45,ok
www.imagerise.com,22-04-2011,01:39:45,ok
www.imageshack.us,22-04-2011,01:39:47,ok
www.imagevenue.com,22-04-2011,01:39:47,ok
www.imdb.com,22-04-2011,01:39:48,ok
www.imgur.com,22-04-2011,01:39:48,ok
www.indiatimes.com,22-04-2011,01:39:50,ok
www.infojobs.com.br,22-04-2011,01:39:51,ok
www.inhetnieuws.nl,22-04-2011,01:39:53,ok
www.inps.it,22-04-2011,01:39:53,ok
www.irail.be,22-04-2011,01:39:54,ok
www.irail.nl,22-04-2011,01:39:54,ok
www.irs.gov,22-04-2011,01:39:54,ok
www.isohunt.com,22-04-2011,01:39:55,ok
www.itmedia.co.jp,22-04-2011,01:39:59,ok
www.itprofessional.be,22-04-2011,01:39:59,ok
www.its-mo.com,22-04-2011,01:40:01,ok
www.iza.ne.jp,22-04-2011,01:40:05,ok
www.izlesene.com,22-04-2011,01:40:05,ok
www.jalopnik.com,22-04-2011,01:40:06,ok
www.japannetbank.co.jp,22-04-2011,01:40:08,ok
www.japantimes.co.jp,22-04-2011,01:40:10,ok
www.jfdaily.com,22-04-2011,01:40:14,ok
www.jinzhao99.com,22-04-2011,01:40:18,ok
www.jma.go.jp,22-04-2011,01:40:19,ok
www.jobrapido.de,22-04-2011,01:40:19,ok
www.johnnys-net.jp,22-04-2011,01:40:21,ok
www.joindiaspora.com,22-04-2011,01:40:22,ok
www.joomlaworks.gr,22-04-2011,01:40:23,ok
www.joomlaxtc.com,22-04-2011,01:40:25,ok
www.jr-odekake.net,22-04-2011,01:40:27,ok
www.jra.go.jp,22-04-2011,01:40:28,ok
www.jreast.co.jp,22-04-2011,01:40:29,ok
www.jumptags.com,22-04-2011,01:40:30,ok
www.justunfollow.com,22-04-2011,01:40:31,ok
www.jz123.com,22-04-2011,01:40:38,ok
www.kajabi.com,22-04-2011,01:40:39,ok
www.kathimerini.gr,22-04-2011,01:40:40,ok
www.kddi.com,22-04-2011,01:40:42,ok
www.keezmovies.com,22-04-2011,01:40:42,ok
www.keio.ac.jp,22-04-2011,01:40:44,ok
www.kendincos.net,22-04-2011,01:40:45,ok
www.kickasstorrents.com,22-04-2011,01:40:46,ok
www.kinghost.com,22-04-2011,01:40:46,ok
www.kino.de,22-04-2011,01:40:47,ok
www.kir.jp,22-04-2011,01:40:49,ok
www.klikbca.com,22-04-2011,01:41:37,ok
www.klout.com,22-04-2011,01:41:38,ok
www.kuronekoyamato.co.jp,22-04-2011,01:41:40,ok
www.labnol.blogspot.com,22-04-2011,01:41:41,ok
www.ladbrokes.com,22-04-2011,01:41:41,ok
www.lalulalu.com,22-04-2011,01:41:44,ok
www.launches.net,22-04-2011,01:41:45,ok
www.ldblog.jp,22-04-2011,01:41:47,ok
www.lemonde.fr,22-04-2011,01:41:48,ok
www.lexilogos.com,22-04-2011,01:41:48,ok
www.libyafeb17.com,22-04-2011,01:41:48,ok
www.lifehacker.com,22-04-2011,01:41:49,ok
www.limetorrents.com,22-04-2011,01:41:49,ok
www.linkedin.com,22-04-2011,01:41:50,ok
www.linkhelper.cn,22-04-2011,01:42:01,ok
www.linux.com,22-04-2011,01:42:03,ok
www.linuxquestions.org,22-04-2011,01:42:04,ok
www.liputan6.com,22-04-2011,01:42:06,ok
www.live.com,22-04-2011,01:42:08,ok
www.livejasmin.com,22-04-2011,01:42:08,ok
www.livejournal.com,22-04-2011,01:42:09,ok
www.liveperson.net,22-04-2011,01:42:10,ok
www.livestation.com,22-04-2011,01:42:12,ok
www.livestream.com,22-04-2011,01:42:12,ok
www.livevideo.com,22-04-2011,01:42:13,ok
www.lloydstsb.co.uk,22-04-2011,01:42:14,ok
www.loadays.org,22-04-2011,01:42:15,ok
www.logmein.com,22-04-2011,01:42:15,ok
www.lulzimg.com,22-04-2011,01:42:15,ok
www.lustyguide.com,22-04-2011,01:42:17,ok
www.lxde.org,22-04-2011,01:42:18,ok
www.macnews.de,22-04-2011,01:42:18,ok
www.mademan.com,22-04-2011,01:42:20,ok
www.madrid.org,22-04-2011,01:42:20,ok
www.mai-net.net,22-04-2011,01:42:23,ok
www.mail-archive.com,22-04-2011,01:42:23,ok
www.mail.ru,22-04-2011,01:42:24,ok
www.marieclairechina.com,22-04-2011,01:42:27,ok
www.mashable.com,22-04-2011,01:42:28,ok
www.maybank2u.com.my,22-04-2011,01:42:31,ok
www.mcdonalds.co.jp,22-04-2011,01:42:33,ok
www.mcgill.ca,22-04-2011,01:42:33,ok
www.meb.gov.tr,22-04-2011,01:44:14,ok
www.mec.es,22-04-2011,01:44:15,ok
www.mec.gov.br,22-04-2011,01:44:16,ok
www.mediafire.com,22-04-2011,01:44:17,ok
www.mediaset.it,22-04-2011,01:44:17,ok
www.meetup.com,22-04-2011,01:44:18,ok
www.mefeedia.com,22-04-2011,01:44:19,ok
www.megaporn.com,22-04-2011,01:44:19,ok
www.megatv.com,22-04-2011,01:44:19,ok
www.megaupload.com,22-04-2011,01:44:20,ok
www.megavideo.com,22-04-2011,01:44:21,ok
www.metacafe.com,22-04-2011,01:44:21,ok
www.mhlw.go.jp,22-04-2011,01:44:24,ok
www.microsoft.com,22-04-2011,01:44:26,ok
www.microsofttranslator.com,22-04-2011,01:44:27,ok
www.mihanblog.com,22-04-2011,01:44:27,ok
www.miiatech.com,22-04-2011,01:44:28,ok
www.miibeian.gov.cn,22-04-2011,01:44:30,ok
www.miitbeian.gov.cn,22-04-2011,01:44:31,ok
www.minghui.org,22-04-2011,01:44:33,ok
www.mingpao.com,22-04-2011,01:44:36,ok
www.mitbbs.com,22-04-2011,01:44:37,ok
www.mizuhobank.co.jp,22-04-2011,01:46:05,ok
www.mlit.go.jp,22-04-2011,01:46:09,ok
www.mlxchange.com,22-04-2011,01:46:10,ok
www.mmaaxx.com,22-04-2011,01:46:11,ok
www.mobile01.com,22-04-2011,01:46:19,ok
www.mobypicture.com,22-04-2011,01:46:20,ok
www.modernizr.com,22-04-2011,01:46:20,ok
www.mohegunsun.com,22-04-2011,01:46:22,ok
www.momoshop.com.tw,22-04-2011,01:46:36,ok
www.moviegalleri.in,22-04-2011,01:46:36,ok
www.movies.com,22-04-2011,01:46:37,ok
www.mris.com,22-04-2011,01:46:39,ok
www.msn.com,22-04-2011,01:46:39,ok
www.mt-50.com,22-04-2011,01:46:42,ok
www.mtv.com,22-04-2011,01:46:43,ok
www.muare.vn,22-04-2011,01:46:47,ok
www.multiply.com,22-04-2011,01:46:51,ok
www.multiupload.com,22-04-2011,01:46:52,ok
www.mybrowserbar.com,22-04-2011,01:46:52,ok
www.mycom.co.jp,22-04-2011,01:46:53,ok
www.mymodernmet.com,22-04-2011,01:46:58,ok
www.myspace.com,22-04-2011,01:46:59,ok
www.myvideo.de,22-04-2011,01:46:59,ok
www.myyearbook.com,22-04-2011,01:46:59,ok
www.nakadashi.to,22-04-2011,01:47:01,ok
www.namipan.com,22-04-2011,01:47:03,ok
www.narod.ru,22-04-2011,01:47:04,ok
www.nasa.gov,22-04-2011,01:47:04,ok
www.nastyvideotube.com,22-04-2011,01:47:06,ok
www.navitime.co.jp,22-04-2011,01:47:11,ok
www.navy.mil,22-04-2011,01:47:11,ok
www.neopets.com,22-04-2011,01:47:12,ok
www.netflix.com,22-04-2011,01:47:39,ok
www.netlog.be,22-04-2011,01:47:39,ok
www.netmile.co.jp,22-04-2011,01:47:41,ok
www.netsolhost.com,22-04-2011,01:47:42,ok
www.netteller.com,22-04-2011,01:47:44,ok
www.network54.com,22-04-2011,01:47:44,ok
www.networkedblogs.com,22-04-2011,01:47:45,ok
www.netzpolitik.org,22-04-2011,01:47:46,ok
www.news-postseven.com,22-04-2011,01:47:48,ok
www.nexon.co.jp,22-04-2011,01:47:50,ok
www.nfdaily.cn,22-04-2011,01:47:55,ok
www.nhk.or.jp,22-04-2011,01:47:57,ok
www.nick.com,22-04-2011,01:47:57,ok
www.nickdemey.be,22-04-2011,01:47:59,ok
www.nickjr.com,22-04-2011,01:47:59,ok
www.nicovideo.jp,22-04-2011,01:48:01,ok
www.nieuwsblad.be,22-04-2011,01:48:01,ok
www.nii.ac.jp,22-04-2011,01:48:04,ok
www.nikkansports.com,22-04-2011,01:48:06,ok
www.nikkei.co.jp,22-04-2011,01:48:10,ok
www.ning.com,22-04-2011,01:48:11,ok
www.nintendo.com,22-04-2011,01:48:12,ok
www.nocookie.net,22-04-2011,01:48:12,ok
www.nothingtoxic.com,22-04-2011,01:48:14,ok
www.noticias3d.com,22-04-2011,01:48:14,ok
www.nps.gov,22-04-2011,01:48:15,ok
www.nrk.no,22-04-2011,01:48:15,ok
www.nta.go.jp,22-04-2011,01:48:16,ok
www.nttdocomo.co.jp,22-04-2011,01:48:18,ok
www.ntu.edu.tw,22-04-2011,01:48:19,ok
www.ntv.co.jp,22-04-2011,01:48:21,ok
www.nytimes.com,22-04-2011,01:48:22,ok
www.occ.com.mx,22-04-2011,01:48:23,ok
www.ocn.ne.jp,22-04-2011,01:48:26,ok
www.ocxxx.com,22-04-2011,01:48:26,ok
www.ofertix.com,22-04-2011,01:48:27,ok
www.okaz.com.sa,22-04-2011,01:48:29,ok
www.onani-daisuki.com,22-04-2011,01:48:30,ok
www.onlae.es,22-04-2011,01:48:31,ok
www.online.sh.cn,22-04-2011,01:48:36,ok
www.onlinecasinoking.com,22-04-2011,01:48:36,ok
www.onlinecasinoplaygames.com,22-04-2011,01:48:36,ok
www.onlinecreditcenter6.com,22-04-2011,01:48:37,ok
www.open.ac.uk,22-04-2011,01:48:39,ok
www.opendemocracy.net,22-04-2011,01:48:39,ok
www.openpr.de,22-04-2011,01:48:40,ok
www.opensubtitles.net,22-04-2011,01:48:40,ok
www.opensuse.org,22-04-2011,01:48:41,ok
www.orange-hiyoko.blogspot.com,22-04-2011,01:48:42,ok
www.orbooks.com,22-04-2011,01:48:43,ok
www.oricon.co.jp,22-04-2011,01:48:45,ok
www.orkut.com,22-04-2011,01:48:46,ok
www.oursogo.com,22-04-2011,01:48:47,ok
www.overture.com,22-04-2011,01:48:50,ok
www.ow.ly,22-04-2011,01:48:53,ok
www.p-world.co.jp,22-04-2011,01:48:56,ok
www.p5w.net,22-04-2011,01:49:10,ok
www.pacificpoker.com,22-04-2011,01:49:11,ok
www.pacopacomama.com,22-04-2011,01:49:11,ok
www.pagerage.com,22-04-2011,01:49:12,ok
www.pagesperso-orange.fr,22-04-2011,01:49:14,ok
www.pandora.tv,22-04-2011,01:49:17,ok
www.pap.fr,22-04-2011,01:49:17,ok
www.paper.li,22-04-2011,01:49:18,ok
www.parentsconnect.com,22-04-2011,01:49:20,ok
www.partycasino.com,22-04-2011,01:49:20,ok
www.partypoker.com,22-04-2011,01:49:20,ok
www.partypoker.fr,22-04-2011,01:49:20,ok
www.passion.com,22-04-2011,01:49:21,ok
www.payamsara.com,22-04-2011,01:49:22,ok
www.paypal-shopping.com,22-04-2011,01:49:24,ok
www.paypal.be,22-04-2011,01:49:29,ok
www.paypal.com,22-04-2011,01:49:33,ok
www.pbworks.com,22-04-2011,01:49:34,ok
www.perfspot.com,22-04-2011,01:49:35,ok
www.photobucket.com,22-04-2011,01:49:36,ok
www.photosex.biz,22-04-2011,01:49:36,ok
www.php.su,22-04-2011,01:49:37,ok
www.phpnuke.ir,22-04-2011,01:49:39,ok
www.phpwind.com,22-04-2011,01:49:44,ok
www.pichunter.com,22-04-2011,01:49:45,ok
www.pimpandhost.com,22-04-2011,01:49:46,ok
www.ping.fm,22-04-2011,01:49:47,ok
www.pixnet.net,22-04-2011,01:49:48,ok
www.planet23.com,22-04-2011,01:49:50,ok
www.playboy.com,22-04-2011,01:49:50,ok
www.plurk.com,22-04-2011,01:49:51,ok
www.pocket-lint.com,22-04-2011,01:49:51,ok
www.poker.com,22-04-2011,01:49:53,ok
www.pokerclub.be,22-04-2011,01:49:54,ok
www.pokerlistings.com,22-04-2011,01:49:54,ok
www.pokernews.com,22-04-2011,01:49:55,ok
www.pokerstars.com,22-04-2011,01:49:56,ok
www.pontofrio.com.br,22-04-2011,01:49:56,ok
www.poppen.de,22-04-2011,01:49:57,ok
www.pornhub.com,22-04-2011,01:49:57,ok
www.pornoxo.com,22-04-2011,01:49:58,ok
www.porntube.com,22-04-2011,01:49:59,ok
www.pornvisit.com,22-04-2011,01:50:01,ok
www.posterous.com,22-04-2011,01:50:03,ok
www.prefetch.net,22-04-2011,01:50:04,ok
www.premierleague.com,22-04-2011,01:50:04,ok
www.privet.ru,22-04-2011,01:50:06,ok
www.productlaunchformula.com,22-04-2011,01:50:07,ok
www.programmingforums.org,22-04-2011,01:50:08,ok
www.ps3iso.com,22-04-2011,01:50:09,ok
www.publicidees.com,22-04-2011,01:50:09,ok
www.pudelek.pl,22-04-2011,01:50:09,ok
www.pussy.org,22-04-2011,01:50:11,ok
www.qeedoo.com,22-04-2011,01:50:19,ok
www.qibosoft.com,22-04-2011,01:50:23,ok
www.qq.com,22-04-2011,01:50:31,ok
www.qq937.com,22-04-2011,01:50:33,ok
www.qqnz.com,22-04-2011,01:50:34,ok
www.qqtn.com,22-04-2011,01:50:38,ok
www.quora.com,22-04-2011,01:50:38,ok
www.qwerly.com,22-04-2011,01:50:39,ok
www.r1fclick.com,22-04-2011,01:50:39,ok
www.rackerhacker.com,22-04-2011,01:50:40,ok
www.radaris.com,22-04-2011,01:50:41,ok
www.rakuten-kc.co.jp,22-04-2011,01:50:45,ok
www.rakuten.com,22-04-2011,01:50:49,ok
www.rakuten.ne.jp,22-04-2011,01:50:49,ok
www.rapidshare.com,22-04-2011,01:50:50,ok
www.reddit.com,22-04-2011,01:50:50,ok
www.redhat.com,22-04-2011,01:50:50,ok
www.redtube.com,22-04-2011,01:50:51,ok
www.refactormycode.com,22-04-2011,01:50:52,ok
www.reference.com,22-04-2011,01:50:53,ok
www.replays.net,22-04-2011,01:50:56,ok
www.repubblica.it,22-04-2011,01:50:56,ok
www.republika.co.id,22-04-2011,01:51:02,ok
www.reuters.com,22-04-2011,01:51:05,ok
www.rfi.fr,22-04-2011,01:51:05,ok
www.rikunabi.com,22-04-2011,01:51:06,ok
www.rising.cn,22-04-2011,01:51:09,ok
www.rising.com.cn,22-04-2011,01:51:13,ok
www.robotstxt.org,22-04-2011,01:51:13,ok
www.rootspirit.com,22-04-2011,01:51:13,ok
www.rootspirit.info,22-04-2011,01:51:15,ok
www.rosettacode.org,22-04-2011,01:51:16,ok
www.rs-online.com,22-04-2011,01:51:16,ok
www.rubias19.com,22-04-2011,01:51:17,ok
www.ruiidc.com,22-04-2011,01:51:19,ok
www.rutube.ru,22-04-2011,01:51:21,ok
www.sagawa-exp.co.jp,22-04-2011,01:51:24,ok
www.saic.gov.cn,22-04-2011,01:51:30,ok
www.saisoncard.co.jp,22-04-2011,01:51:31,ok
www.sandai.net,22-04-2011,01:51:39,ok
www.sanspo.com,22-04-2011,01:51:43,ok
www.savings.com,22-04-2011,01:51:43,ok
www.sbisec.co.jp,22-04-2011,01:51:47,ok
www.scbeasy.com,22-04-2011,01:51:48,ok
www.scribd.com,22-04-2011,01:51:50,ok
www.secure-softwaremanager.com,22-04-2011,01:51:51,ok
www.secureserver.net,22-04-2011,01:51:53,ok
www.seedit.com,22-04-2011,01:51:55,ok
www.seesmic.com,22-04-2011,01:51:56,ok
www.segundamano.com.mx,22-04-2011,01:51:57,ok
www.segye.com,22-04-2011,01:52:02,ok
www.seoul.co.kr,22-04-2011,01:52:07,ok
www.sep.gob.mx,22-04-2011,01:52:08,ok
www.serverfault.com,22-04-2011,01:52:10,ok
www.sevenload.com,22-04-2011,01:52:11,ok
www.sex141.com,22-04-2011,01:52:11,ok
www.sexandsubmission.com,22-04-2011,01:52:12,ok
www.sexbot.com,22-04-2011,01:52:13,ok
www.sexpixbox.com,22-04-2011,01:52:15,ok
www.sharp.co.jp,22-04-2011,01:52:16,ok
www.shejis.com,22-04-2011,01:52:26,ok
www.shendu.cc,22-04-2011,01:52:29,ok
www.shockwave.com,22-04-2011,01:52:30,ok
www.shopch.jp,22-04-2011,01:52:33,ok
www.shoptime.com.br,22-04-2011,01:52:35,ok
www.showtime.jp,22-04-2011,01:52:37,ok
www.shufoo.net,22-04-2011,01:52:39,ok
www.sina.com.cn,22-04-2011,01:52:53,ok
www.sinaapp.com,22-04-2011,01:52:58,ok
www.singaporepools.com.sg,22-04-2011,01:53:00,ok
www.singtaonet.com,22-04-2011,01:53:04,ok
www.sistrix.com,22-04-2011,01:53:05,ok
www.skype.com,22-04-2011,01:53:05,ok
www.slashdot.org,22-04-2011,01:53:06,ok
www.slideshare.com,22-04-2011,01:53:07,ok
www.smbc-card.com,22-04-2011,01:53:09,ok
www.smbc.co.jp,22-04-2011,01:53:11,ok
www.smgbb.cn,22-04-2011,01:53:14,ok
www.snipt.net,22-04-2011,01:53:14,ok
www.sod.co.jp,22-04-2011,01:53:16,ok
www.softonic.it,22-04-2011,01:53:17,ok
www.softwaregeek.com,22-04-2011,01:53:19,ok
www.songkick.com,22-04-2011,01:53:19,ok
www.soundclick.com,22-04-2011,01:53:21,ok
www.soup.io,22-04-2011,01:53:21,ok
www.sourceforge.net,22-04-2011,01:53:22,ok
www.southparkstudios.com,22-04-2011,01:53:22,ok
www.sp.gov.br,22-04-2011,01:53:27,ok
www.spdb.com.cn,22-04-2011,01:53:28,ok
www.sphere.ws,22-04-2011,01:53:29,ok
www.spiegel.de,22-04-2011,01:53:29,ok
www.spike.com,22-04-2011,01:53:29,ok
www.sponichi.co.jp,22-04-2011,01:53:33,ok
www.sport-fm.gr,22-04-2011,01:53:33,ok
www.square-enix.co.jp,22-04-2011,01:53:34,ok
www.stackoverflow.com,22-04-2011,01:53:35,ok
www.standaard.be,22-04-2011,01:53:35,ok
www.stargames.at,22-04-2011,01:53:36,ok
www.startssl.com,22-04-2011,01:53:37,ok
www.state.nj.us,22-04-2011,01:53:38,ok
www.state.ny.us,22-04-2011,01:53:39,ok
www.state.tx.us,22-04-2011,01:53:41,ok
www.stern.de,22-04-2011,01:53:42,ok
www.stickam.com,22-04-2011,01:53:43,ok
www.stileproject.com,22-04-2011,01:53:44,ok
www.sto-express.com.cn,22-04-2011,01:53:48,ok
www.stockhouse.com,22-04-2011,01:53:49,ok
www.storify.com,22-04-2011,01:53:50,ok
www.stubru.be,22-04-2011,01:53:50,ok
www.stumbleupon.com,22-04-2011,01:53:51,ok
www.submityourflicks.com,22-04-2011,01:53:52,ok
www.submityourtapes.com,22-04-2011,01:53:53,ok
www.summify.com,22-04-2011,01:53:53,ok
www.suntory.co.jp,22-04-2011,01:53:55,ok
www.superuser.com,22-04-2011,01:53:56,ok
www.sweetnote.com,22-04-2011,01:53:58,ok
www.syd.com.cn,22-04-2011,01:54:03,ok
www.sytes.net,22-04-2011,01:54:04,ok
www.t.co,22-04-2011,01:54:05,ok
www.t35.com,22-04-2011,01:54:05,ok
www.tagged.com,22-04-2011,01:54:06,ok
www.taiwanlottery.com.tw,22-04-2011,01:54:08,ok
www.talktalk.co.uk,22-04-2011,01:54:12,ok
www.tanea.gr,22-04-2011,01:54:13,ok
www.taobao.com,22-04-2011,01:54:18,ok
www.tbs.co.jp,22-04-2011,01:54:20,ok
www.teambuy.com.cn,22-04-2011,01:54:26,ok
www.teamku.com,22-04-2011,01:54:29,ok
www.techcrunch.com,22-04-2011,01:54:31,ok
www.technorati.com,22-04-2011,01:54:33,ok
www.techonthenet.com,22-04-2011,01:54:34,ok
www.ted.com,22-04-2011,01:54:35,ok
www.teenburg.com,22-04-2011,01:54:36,ok
www.teenie-pics.com,22-04-2011,01:54:36,ok
www.teennick.com,22-04-2011,01:54:37,ok
www.tek-tips.com,22-04-2011,01:54:38,ok
www.tempalias.com,22-04-2011,01:54:38,ok
www.thedailyshow.com,22-04-2011,01:54:39,ok
www.thenextweb.com,22-04-2011,01:54:40,ok
www.theonion.com,22-04-2011,01:54:41,ok
www.thepiratebay.org,22-04-2011,01:54:43,ok
www.thesartorialist.blogspot.com,22-04-2011,01:54:44,ok
www.thesixtyone.com,22-04-2011,01:54:44,ok
www.thisav.com,22-04-2011,01:54:46,ok
www.thisis50.com,22-04-2011,01:54:48,ok
www.tibet.com,22-04-2011,01:54:51,ok
www.tibet.net,22-04-2011,01:54:53,ok
www.tibet.org,22-04-2011,01:54:53,ok
www.tiete.be,22-04-2011,01:54:53,ok
www.tiete.eu,22-04-2011,01:54:53,ok
www.tiete.org,22-04-2011,01:54:53,ok
www.tijd.be,22-04-2011,01:54:54,ok
www.timsah.com,22-04-2011,01:54:55,ok
www.tinychat.com,22-04-2011,01:54:55,ok
www.tipete.com,22-04-2011,01:54:58,ok
www.tmi.me,22-04-2011,01:54:59,ok
www.tnaflix.com,22-04-2011,01:54:59,ok
www.tns-global.com,22-04-2011,01:54:59,ok
www.tocka.com.mk,22-04-2011,01:55:02,ok
www.togetter.com,22-04-2011,01:55:02,ok
www.toluna.com,22-04-2011,01:55:03,ok
www.topsy.com,22-04-2011,01:55:04,ok
www.toranoana.jp,22-04-2011,01:55:06,ok
www.torrentz.eu,22-04-2011,01:55:06,ok
www.toshiba.co.jp,22-04-2011,01:55:07,ok
www.tosp.co.jp,22-04-2011,01:55:10,ok
www.totallycoolpix.com,22-04-2011,01:55:10,ok
www.tovima.gr,22-04-2011,01:55:10,ok
www.tradus.in,22-04-2011,01:55:12,ok
www.trafficgate.net,22-04-2011,01:55:14,ok
www.treinreiziger.nl,22-04-2011,01:55:15,ok
www.trekearth.com,22-04-2011,01:55:19,ok
www.tro-ma-ktiko.blogspot.com,22-04-2011,01:55:20,ok
www.truveo.com,22-04-2011,01:55:21,ok
www.truvo.be,22-04-2011,01:55:21,ok
www.tsutaya.co.jp,22-04-2011,01:55:24,ok
www.ttdk2.com,22-04-2011,01:55:29,ok
www.tuaw.com,22-04-2011,01:55:29,ok
www.tube8.com,22-04-2011,01:55:30,ok
www.tubefire.com,22-04-2011,01:55:32,ok
www.tuinslak.be,22-04-2011,01:55:33,ok
www.tuinslak.eu,22-04-2011,01:55:33,ok
www.tuinslak.org,22-04-2011,01:55:33,ok
www.tumblr.com,22-04-2011,01:55:34,ok
www.tunisia-sat.com,22-04-2011,01:55:37,ok
www.tunnelbroker.net,22-04-2011,01:55:37,ok
www.tuttosport.com,22-04-2011,01:55:37,ok
www.tv-asahi.co.jp,22-04-2011,01:55:40,ok
www.tv-tokyo.co.jp,22-04-2011,01:55:42,ok
www.tv.com,22-04-2011,01:55:43,ok
www.tvboxnow.com,22-04-2011,01:55:46,ok
www.tweakers.net,22-04-2011,01:55:46,ok
www.tweetdeck.com,22-04-2011,01:55:46,ok
www.tweetmeme.com,22-04-2011,01:55:47,ok
www.tweetvite.com,22-04-2011,01:55:49,ok
www.twilog.org,22-04-2011,01:55:52,ok
www.twitlonger.com,22-04-2011,01:55:52,ok
www.twitoaster.com,22-04-2011,01:55:52,ok
www.twitpic.com,22-04-2011,01:55:53,ok
www.twitter.com,22-04-2011,01:55:54,ok
www.twittercounter.com,22-04-2011,01:55:55,ok
www.twitterfeed.com,22-04-2011,01:55:56,ok
www.twittergrader.com,22-04-2011,01:55:57,ok
www.twitvid.com,22-04-2011,01:55:58,ok
www.typepad.com,22-04-2011,01:55:59,ok
www.u-tokyo.ac.jp,22-04-2011,01:56:01,ok
www.ub.com,22-04-2011,01:56:01,ok
www.uba.ar,22-04-2011,01:56:02,ok
www.ubuntu.com,22-04-2011,01:56:03,ok
www.ucm.es,22-04-2011,01:56:03,ok
www.udn.com,22-04-2011,01:56:04,ok
www.uk.to,22-04-2011,01:56:05,ok
www.un.org,22-04-2011,01:56:05,ok
www.unal.edu.co,22-04-2011,01:56:06,ok
www.uned.es,22-04-2011,01:56:06,ok
www.uni.cc,22-04-2011,01:56:07,ok
www.unicreditbanca.it,22-04-2011,01:56:08,ok
www.unionli.com,22-04-2011,01:56:10,ok
www.unix.com,22-04-2011,01:56:11,ok
www.unixguide.net,22-04-2011,01:56:12,ok
www.uoc.edu,22-04-2011,01:56:12,ok
www.upenn.edu,22-04-2011,01:56:12,ok
www.uploadshare.org,22-04-2011,01:56:13,ok
www.upublish.info,22-04-2011,01:56:14,ok
www.userbase.be,22-04-2011,01:56:15,ok
www.ustream.tv,22-04-2011,01:56:15,ok
www.utoronto.ca,22-04-2011,01:56:16,ok
www.uueasy.com,22-04-2011,01:56:19,ok
www.value-domain.com,22-04-2011,01:56:21,ok
www.vandaag.be,22-04-2011,01:56:22,ok
www.vcricket.com,22-04-2011,01:56:23,ok
www.vdolady.com,22-04-2011,01:56:26,ok
www.vector.co.jp,22-04-2011,01:56:29,ok
www.veoh.com,22-04-2011,01:56:30,ok
www.vh1.com,22-04-2011,01:56:31,ok
www.videobb.com,22-04-2011,01:56:32,ok
www.videobox.com,22-04-2011,01:56:35,ok
www.videopress.com,22-04-2011,01:56:37,ok
www.viki.com,22-04-2011,01:56:37,ok
www.vimeo.com,22-04-2011,01:56:38,ok
www.vivo.com.br,22-04-2011,01:56:40,ok
www.vlc.org,22-04-2011,01:56:40,ok
www.vmoptions.com,22-04-2011,01:56:42,ok
www.voila.fr,22-04-2011,01:56:42,ok
www.vol777.com,22-04-2011,01:56:44,ok
www.voyage-prive.com,22-04-2011,01:56:44,ok
www.vozforums.com,22-04-2011,01:56:48,ok
www.vsa.com.cn,22-04-2011,01:56:50,ok
www.vsnl.net.in,22-04-2011,01:56:51,ok
www.wahas.com,22-04-2011,01:56:52,ok
www.walkernews.net,22-04-2011,01:56:54,ok
www.wanktube.com,22-04-2011,01:56:54,ok
www.washingtonpost.com,22-04-2011,01:56:55,ok
www.watanabepro.co.jp,22-04-2011,01:56:57,ok
www.watchmygf.net,22-04-2011,01:56:58,ok
www.wearehairy.com,22-04-2011,01:56:58,ok
www.web-directories.ws,22-04-2011,01:57:00,ok
www.webcams.com,22-04-2011,01:57:02,ok
www.webgame188.com,22-04-2011,01:57:08,ok
www.webhostingtalk.com,22-04-2011,01:57:09,ok
www.webhostingtalk.nl,22-04-2011,01:57:10,ok
www.webinknow.com,22-04-2011,01:57:13,ok
www.weble.org,22-04-2011,01:57:18,ok
www.webshots.com,22-04-2011,01:57:20,ok
www.websitegrader.com,22-04-2011,01:57:21,ok
www.websitetestlink.com,22-04-2011,01:57:21,ok
www.wenxuecity.com,22-04-2011,01:57:22,ok
www.wer-weiss-was.de,22-04-2011,01:57:23,ok
www.whatreallyhappened.com,22-04-2011,01:57:24,ok
www.which.co.uk,22-04-2011,01:57:24,ok
www.whitehouse.gov,22-04-2011,01:57:25,ok
www.wikileaks.ch,22-04-2011,01:57:25,ok
www.wikimapia.org,22-04-2011,01:57:26,ok
www.wikipedia.com,22-04-2011,01:57:27,ok
www.wikipedia.org,22-04-2011,01:57:27,ok
www.wikiwiki.jp,22-04-2011,01:57:28,ok
www.willhaben.at,22-04-2011,01:57:28,ok
www.wisevid.com,22-04-2011,01:57:29,ok
www.wizaz.pl,22-04-2011,01:57:32,ok
www.wn.com,22-04-2011,01:57:32,ok
www.woopie.jp,22-04-2011,01:57:34,ok
www.wordpress.com,22-04-2011,01:57:36,ok
www.wordpress.org,22-04-2011,01:57:37,ok
www.wow-europe.com,22-04-2011,01:57:38,ok
www.wpmudev.org,22-04-2011,01:57:40,ok
www.wretch.cc,22-04-2011,01:57:43,ok
www.writetoreply.org,22-04-2011,01:57:44,ok
www.wroclaw.pl,22-04-2011,01:57:44,ok
www.wrzuta.pl,22-04-2011,01:57:44,ok
www.wsj.com,22-04-2011,01:57:46,ok
www.wyunion.com,22-04-2011,01:57:49,ok
www.xdowns.com,22-04-2011,01:57:53,ok
www.xhamster.com,22-04-2011,01:57:53,ok
www.xiazaiba.com,22-04-2011,01:58:00,ok
www.xjtu.edu.cn,22-04-2011,01:58:03,ok
www.xmatch.com,22-04-2011,01:58:08,ok
www.xnxx.com,22-04-2011,01:58:09,ok
www.xrea.jp,22-04-2011,01:58:11,ok
www.xtlbb.com,22-04-2011,01:58:13,ok
www.xtremetop100.com,22-04-2011,01:58:14,ok
www.xvideos.com,22-04-2011,01:58:14,ok
www.xvideoslive.com,22-04-2011,01:58:17,ok
www.ya.ru,22-04-2011,01:58:17,ok
www.yad2.co.il,22-04-2011,01:58:18,ok
www.yahoo.co.jp,22-04-2011,01:58:21,ok
www.yahoo.com,22-04-2011,01:58:21,ok
www.yallakora.com,22-04-2011,01:58:22,ok
www.yandex.ru,22-04-2011,01:58:23,ok
www.yelp.com,22-04-2011,01:58:24,ok
www.yeri.be,22-04-2011,01:58:25,ok
www.yeritiete.be,22-04-2011,01:58:25,ok
www.yfrog.com,22-04-2011,01:58:26,ok
www.yidio.com,22-04-2011,01:58:28,ok
www.yieldmanager.com,22-04-2011,01:58:28,ok
www.yiqifa.com,22-04-2011,01:58:31,ok
www.yiqiwin.com,22-04-2011,01:58:34,ok
www.yomiuri.co.jp,22-04-2011,01:58:36,ok
www.youboy.com,22-04-2011,01:58:40,ok
www.youporn.com,22-04-2011,01:58:41,ok
www.youporngay.com,22-04-2011,01:58:42,ok
www.yourrewardinside.com,22-04-2011,01:58:43,ok
www.youtu.be,22-04-2011,01:58:43,ok
www.youtube.com,22-04-2011,01:58:44,ok
www.yuvutu.com,22-04-2011,01:58:44,ok
www.yx007.com,22-04-2011,01:58:49,ok
www.za.net,22-04-2011,01:58:50,ok
www.zaobao.com,22-04-2011,01:58:53,ok
www.zhongsou.net,22-04-2011,01:59:00,ok
www.zorpia.com,22-04-2011,01:59:00,ok
www.zp.ua,22-04-2011,01:59:01,ok
www.zto.cn,22-04-2011,01:59:53,ok
yeri.tiete.be,22-04-2011,01:59:53,ok
zero.rootspirit.com,22-04-2011,01:59:53,ok
